"","Rent","Bond","Bedroom","Bathroom","Parking","Heating","Air Conditioning","Balcony","Dishwasher","Gym","Distance (km) to closest public school","Agent_Besser","Agent_Biggin","Agent_Buxton","Agent_Dingle","Agent_Elite","Agent_Hodges","Agent_Home","Agent_Jellis","Agent_Marshall","Agent_NPM","Agent_Paragon","Agent_Ray","Agent_Sweeney","Agent_Think","Agent_Waterdale","Neighbourhood Largest Demographics_20-39","Neighbourhood Largest Demographics_40-59","Neighbourhood Largest Demographics_60+","Neighbourhood Largest Demographics_Under 20"
"1",280,1217,1,1,1,0,1,0,0,0,0.3,0,0,0,0,0,0,0,0,0,0,0,0,1,0,0,0,1,0,0
"2",310,1347,1,1,1,0,0,0,0,0,0.6,0,0,1,0,0,0,0,0,0,0,0,0,0,0,0,1,0,0,0
"3",420,2100,2,2,1,1,0,0,0,0,0.8,0,0,0,0,0,1,0,0,0,0,0,0,0,0,0,0,1,0,0
"4",450,2405,2,1,1,1,0,0,1,0,0.8,0,0,0,0,0,0,0,1,0,0,0,0,0,0,0,1,0,0,0
"5",995,5970,3,2,1,0,0,0,1,1,0.6,0,0,0,0,0,0,0,0,0,0,0,0,0,1,0,1,0,0,0
"6",700,3742,3,1,1,0,0,0,0,0,0.5,0,0,0,0,0,0,0,1,0,0,0,0,0,0,0,1,0,0,0
"7",280,1217,1,1,1,1,1,0,1,0,0.9,0,0,0,1,0,0,0,0,0,0,0,0,0,0,0,1,0,0,0
"8",440,1912,2,1,1,1,1,0,0,0,0.5,0,0,0,0,0,0,0,0,0,0,0,1,0,0,0,0,1,0,0
"9",440,2200,2,2,1,1,1,0,1,0,0.4,0,0,0,0,0,1,0,0,0,0,0,0,0,0,0,1,0,0,0
"10",795,4770,2,2,2,0,0,0,0,0,1.1,0,0,0,0,0,0,0,0,1,0,0,0,0,0,0,0,0,1,0
"11",450,1955,2,1,1,0,0,0,0,0,0.4,0,0,0,0,0,0,0,1,0,0,0,0,0,0,0,1,0,0,0
"12",500,2172,2,1,1,0,1,0,1,0,0.6,0,0,0,0,0,0,0,0,0,0,0,1,0,0,0,1,0,0,0
"13",470,2350,2,1,1,1,1,0,0,0,0.5,0,1,0,0,0,0,0,0,0,0,0,0,0,0,0,0,1,0,0
"14",490,2130,2,2,1,0,1,0,0,0,0.7,0,0,0,0,0,0,0,0,0,0,0,1,0,0,0,1,0,0,0
"15",410,1782,2,1,1,0,0,0,0,0,0.3,0,0,1,0,0,0,0,0,0,0,0,0,0,0,0,1,0,0,0
"16",350,1521,1,1,1,1,0,0,1,0,0.5,0,0,0,0,0,0,0,1,0,0,0,0,0,0,0,1,0,0,0
"17",360,1924,1,1,1,1,0,0,1,0,0.1,0,0,0,0,0,0,0,1,0,0,0,0,0,0,0,1,0,0,0
"18",320,1390,1,1,1,0,0,0,0,0,0.2,0,1,0,0,0,0,0,0,0,0,0,0,0,0,0,1,0,0,0
"19",560,2433,2,1,1,1,1,0,1,1,0.5,0,1,0,0,0,0,0,0,0,0,0,0,0,0,0,1,0,0,0
"20",480,2566,2,1,1,0,1,0,0,0,0.2,0,0,0,0,0,0,0,1,0,0,0,0,0,0,0,1,0,0,0
"21",650,2825,2,1,2,0,0,0,0,1,0.5,1,0,0,0,0,0,0,0,0,0,0,0,0,0,0,1,0,0,0
"22",400,2138,1,1,1,0,0,0,1,0,0.6,0,0,0,0,0,0,0,1,0,0,0,0,0,0,0,1,0,0,0
"23",400,1738,2,1,1,1,1,0,1,0,0.6,0,0,1,0,0,0,0,0,0,0,0,0,0,0,0,1,0,0,0
"24",830,5410,2,2,0,0,0,0,0,0,0.6,0,0,0,0,0,0,0,1,0,0,0,0,0,0,0,0,1,0,0
"25",390,2085,2,1,1,1,1,0,0,0,0.2,0,0,0,0,0,0,0,1,0,0,0,0,0,0,0,1,0,0,0
"26",320,1390,1,1,1,0,1,0,1,0,1.1,0,1,0,0,0,0,0,0,0,0,0,0,0,0,0,1,0,0,0
"27",270,1173,1,1,0,1,0,0,0,0,0.4,0,0,0,0,0,0,0,1,0,0,0,0,0,0,0,1,0,0,0
"28",360,1564,2,1,1,1,0,0,0,0,0.6,0,0,0,0,0,0,0,0,0,0,0,1,0,0,0,1,0,0,0
"29",275,1195,1,1,0,1,0,0,0,0,0.7,0,0,0,1,0,0,0,0,0,0,0,0,0,0,0,1,0,0,0
"30",380,1651,1,1,1,0,0,0,0,0,1.5,0,0,1,0,0,0,0,0,0,0,0,0,0,0,0,1,0,0,0
"31",340,1477,1,1,1,1,0,0,1,0,0.7,0,0,1,0,0,0,0,0,0,0,0,0,0,0,0,1,0,0,0
"32",420,1825,3,1,1,0,1,0,0,0,0.9,0,0,0,0,0,0,0,0,0,0,0,1,0,0,0,0,0,0,1
"33",355,1543,1,1,1,1,0,0,1,0,0.8,0,0,1,0,0,0,0,0,0,0,0,0,0,0,0,1,0,0,0
"34",450,1955,2,1,1,1,1,0,1,0,0.9,0,0,1,0,0,0,0,0,0,0,0,0,0,0,0,1,0,0,0
"35",585,2925,2,1,1,0,0,0,1,0,1.1,0,1,0,0,0,0,0,0,0,0,0,0,0,0,0,1,0,0,0
"36",440,2200,2,1,1,0,0,0,0,0,0.6,0,1,0,0,0,0,0,0,0,0,0,0,0,0,0,1,0,0,0
"37",400,1739,2,1,1,0,1,0,1,0,0.3,0,0,0,0,0,0,0,0,0,0,0,1,0,0,0,1,0,0,0
"38",590,3154,2,2,1,0,0,0,0,0,0.5,0,0,0,0,0,0,1,0,0,0,0,0,0,0,0,1,0,0,0
"39",350,1521,1,1,1,0,0,0,0,0,0.3,0,1,0,0,0,0,0,0,0,0,0,0,0,0,0,1,0,0,0
"40",310,1347,1,1,1,0,0,0,0,0,0.6,0,0,1,0,0,0,0,0,0,0,0,0,0,0,0,1,0,0,0
"41",420,2100,2,2,1,1,0,0,0,0,0.8,0,0,0,0,0,1,0,0,0,0,0,0,0,0,0,0,1,0,0
"42",450,2405,2,1,1,1,0,0,1,0,0.8,0,0,0,0,0,0,0,1,0,0,0,0,0,0,0,1,0,0,0
"43",995,5970,3,2,1,0,0,0,1,1,0.6,0,0,0,0,0,0,0,0,0,0,0,0,0,1,0,1,0,0,0
"44",700,3742,3,1,1,0,0,0,0,0,0.5,0,0,0,0,0,0,0,1,0,0,0,0,0,0,0,1,0,0,0
"45",280,1217,1,1,1,1,1,0,1,0,0.9,0,0,0,1,0,0,0,0,0,0,0,0,0,0,0,1,0,0,0
"46",440,1912,2,1,1,1,1,0,0,0,0.5,0,0,0,0,0,0,0,0,0,0,0,1,0,0,0,0,1,0,0
"47",440,2200,2,2,1,1,1,0,1,0,0.4,0,0,0,0,0,1,0,0,0,0,0,0,0,0,0,1,0,0,0
"48",795,4770,2,2,2,0,0,0,0,0,1.1,0,0,0,0,0,0,0,0,1,0,0,0,0,0,0,0,0,1,0
"49",450,1955,2,1,1,0,0,0,0,0,0.4,0,0,0,0,0,0,0,1,0,0,0,0,0,0,0,1,0,0,0
"50",500,2172,2,1,1,0,1,0,1,0,0.6,0,0,0,0,0,0,0,0,0,0,0,1,0,0,0,1,0,0,0
"51",470,2350,2,1,1,1,1,0,0,0,0.5,0,1,0,0,0,0,0,0,0,0,0,0,0,0,0,0,1,0,0
"52",490,2130,2,2,1,0,1,0,0,0,0.7,0,0,0,0,0,0,0,0,0,0,0,1,0,0,0,1,0,0,0
"53",410,1782,2,1,1,0,0,0,0,0,0.3,0,0,1,0,0,0,0,0,0,0,0,0,0,0,0,1,0,0,0
"54",350,1521,1,1,1,1,0,0,1,0,0.5,0,0,0,0,0,0,0,1,0,0,0,0,0,0,0,1,0,0,0
"55",360,1924,1,1,1,1,0,0,1,0,0.1,0,0,0,0,0,0,0,1,0,0,0,0,0,0,0,1,0,0,0
"56",320,1390,1,1,1,0,0,0,0,0,0.2,0,1,0,0,0,0,0,0,0,0,0,0,0,0,0,1,0,0,0
"57",560,2433,2,1,1,1,1,0,1,1,0.5,0,1,0,0,0,0,0,0,0,0,0,0,0,0,0,1,0,0,0
"58",480,2566,2,1,1,0,1,0,0,0,0.2,0,0,0,0,0,0,0,1,0,0,0,0,0,0,0,1,0,0,0
"59",650,2825,2,1,2,0,0,0,0,1,0.5,1,0,0,0,0,0,0,0,0,0,0,0,0,0,0,1,0,0,0
"60",400,2138,1,1,1,0,0,0,1,0,0.6,0,0,0,0,0,0,0,1,0,0,0,0,0,0,0,1,0,0,0
"61",400,1738,2,1,1,1,1,0,1,0,0.6,0,0,1,0,0,0,0,0,0,0,0,0,0,0,0,1,0,0,0
"62",830,5410,2,2,0,0,0,0,0,0,0.6,0,0,0,0,0,0,0,1,0,0,0,0,0,0,0,0,1,0,0
"63",390,2085,2,1,1,1,1,0,0,0,0.2,0,0,0,0,0,0,0,1,0,0,0,0,0,0,0,1,0,0,0
"64",320,1390,1,1,1,0,1,0,1,0,1.1,0,1,0,0,0,0,0,0,0,0,0,0,0,0,0,1,0,0,0
"65",270,1173,1,1,0,1,0,0,0,0,0.4,0,0,0,0,0,0,0,1,0,0,0,0,0,0,0,1,0,0,0
"66",360,1564,2,1,1,1,0,0,0,0,0.6,0,0,0,0,0,0,0,0,0,0,0,1,0,0,0,1,0,0,0
"67",275,1195,1,1,0,1,0,0,0,0,0.7,0,0,0,1,0,0,0,0,0,0,0,0,0,0,0,1,0,0,0
"68",380,1651,1,1,1,0,0,0,0,0,1.5,0,0,1,0,0,0,0,0,0,0,0,0,0,0,0,1,0,0,0
"69",340,1477,1,1,1,1,0,0,1,0,0.7,0,0,1,0,0,0,0,0,0,0,0,0,0,0,0,1,0,0,0
"70",420,1825,3,1,1,0,1,0,0,0,0.9,0,0,0,0,0,0,0,0,0,0,0,1,0,0,0,0,0,0,1
"71",355,1543,1,1,1,1,0,0,1,0,0.8,0,0,1,0,0,0,0,0,0,0,0,0,0,0,0,1,0,0,0
"72",450,1955,2,1,1,1,1,0,1,0,0.9,0,0,1,0,0,0,0,0,0,0,0,0,0,0,0,1,0,0,0
"73",585,2925,2,1,1,0,0,0,1,0,1.1,0,1,0,0,0,0,0,0,0,0,0,0,0,0,0,1,0,0,0
"74",440,2200,2,1,1,0,0,0,0,0,0.6,0,1,0,0,0,0,0,0,0,0,0,0,0,0,0,1,0,0,0
"75",400,1739,2,1,1,0,1,0,1,0,0.3,0,0,0,0,0,0,0,0,0,0,0,1,0,0,0,1,0,0,0
"76",590,3154,2,2,1,0,0,0,0,0,0.5,0,0,0,0,0,0,1,0,0,0,0,0,0,0,0,1,0,0,0
"77",495,2970,2,2,1,1,1,0,0,0,0.9,0,0,0,0,0,1,0,0,0,0,0,0,0,0,0,1,0,0,0
"78",310,1347,1,1,1,0,0,0,0,0,0.6,0,0,1,0,0,0,0,0,0,0,0,0,0,0,0,1,0,0,0
"79",420,2100,2,2,1,1,0,0,0,0,0.8,0,0,0,0,0,1,0,0,0,0,0,0,0,0,0,0,1,0,0
"80",450,2405,2,1,1,1,0,0,1,0,0.8,0,0,0,0,0,0,0,1,0,0,0,0,0,0,0,1,0,0,0
"81",995,5970,3,2,1,0,0,0,1,1,0.6,0,0,0,0,0,0,0,0,0,0,0,0,0,1,0,1,0,0,0
"82",700,3742,3,1,1,0,0,0,0,0,0.5,0,0,0,0,0,0,0,1,0,0,0,0,0,0,0,1,0,0,0
"83",280,1217,1,1,1,1,1,0,1,0,0.9,0,0,0,1,0,0,0,0,0,0,0,0,0,0,0,1,0,0,0
"84",440,1912,2,1,1,1,1,0,0,0,0.5,0,0,0,0,0,0,0,0,0,0,0,1,0,0,0,0,1,0,0
"85",440,2200,2,2,1,1,1,0,1,0,0.4,0,0,0,0,0,1,0,0,0,0,0,0,0,0,0,1,0,0,0
"86",795,4770,2,2,2,0,0,0,0,0,1.1,0,0,0,0,0,0,0,0,1,0,0,0,0,0,0,0,0,1,0
"87",450,1955,2,1,1,0,0,0,0,0,0.4,0,0,0,0,0,0,0,1,0,0,0,0,0,0,0,1,0,0,0
"88",500,2172,2,1,1,0,1,0,1,0,0.6,0,0,0,0,0,0,0,0,0,0,0,1,0,0,0,1,0,0,0
"89",470,2350,2,1,1,1,1,0,0,0,0.5,0,1,0,0,0,0,0,0,0,0,0,0,0,0,0,0,1,0,0
"90",490,2130,2,2,1,0,1,0,0,0,0.7,0,0,0,0,0,0,0,0,0,0,0,1,0,0,0,1,0,0,0
"91",410,1782,2,1,1,0,0,0,0,0,0.3,0,0,1,0,0,0,0,0,0,0,0,0,0,0,0,1,0,0,0
"92",350,1521,1,1,1,1,0,0,1,0,0.5,0,0,0,0,0,0,0,1,0,0,0,0,0,0,0,1,0,0,0
"93",360,1924,1,1,1,1,0,0,1,0,0.1,0,0,0,0,0,0,0,1,0,0,0,0,0,0,0,1,0,0,0
"94",320,1390,1,1,1,0,0,0,0,0,0.2,0,1,0,0,0,0,0,0,0,0,0,0,0,0,0,1,0,0,0
"95",560,2433,2,1,1,1,1,0,1,1,0.5,0,1,0,0,0,0,0,0,0,0,0,0,0,0,0,1,0,0,0
"96",480,2566,2,1,1,0,1,0,0,0,0.2,0,0,0,0,0,0,0,1,0,0,0,0,0,0,0,1,0,0,0
"97",650,2825,2,1,2,0,0,0,0,1,0.5,1,0,0,0,0,0,0,0,0,0,0,0,0,0,0,1,0,0,0
"98",400,2138,1,1,1,0,0,0,1,0,0.6,0,0,0,0,0,0,0,1,0,0,0,0,0,0,0,1,0,0,0
"99",400,1738,2,1,1,1,1,0,1,0,0.6,0,0,1,0,0,0,0,0,0,0,0,0,0,0,0,1,0,0,0
"100",830,5410,2,2,0,0,0,0,0,0,0.6,0,0,0,0,0,0,0,1,0,0,0,0,0,0,0,0,1,0,0
"101",390,2085,2,1,1,1,1,0,0,0,0.2,0,0,0,0,0,0,0,1,0,0,0,0,0,0,0,1,0,0,0
"102",320,1390,1,1,1,0,1,0,1,0,1.1,0,1,0,0,0,0,0,0,0,0,0,0,0,0,0,1,0,0,0
"103",270,1173,1,1,0,1,0,0,0,0,0.4,0,0,0,0,0,0,0,1,0,0,0,0,0,0,0,1,0,0,0
"104",360,1564,2,1,1,1,0,0,0,0,0.6,0,0,0,0,0,0,0,0,0,0,0,1,0,0,0,1,0,0,0
"105",275,1195,1,1,0,1,0,0,0,0,0.7,0,0,0,1,0,0,0,0,0,0,0,0,0,0,0,1,0,0,0
"106",380,1651,1,1,1,0,0,0,0,0,1.5,0,0,1,0,0,0,0,0,0,0,0,0,0,0,0,1,0,0,0
"107",340,1477,1,1,1,1,0,0,1,0,0.7,0,0,1,0,0,0,0,0,0,0,0,0,0,0,0,1,0,0,0
"108",420,1825,3,1,1,0,1,0,0,0,0.9,0,0,0,0,0,0,0,0,0,0,0,1,0,0,0,0,0,0,1
"109",355,1543,1,1,1,1,0,0,1,0,0.8,0,0,1,0,0,0,0,0,0,0,0,0,0,0,0,1,0,0,0
"110",450,1955,2,1,1,1,1,0,1,0,0.9,0,0,1,0,0,0,0,0,0,0,0,0,0,0,0,1,0,0,0
"111",585,2925,2,1,1,0,0,0,1,0,1.1,0,1,0,0,0,0,0,0,0,0,0,0,0,0,0,1,0,0,0
"112",440,2200,2,1,1,0,0,0,0,0,0.6,0,1,0,0,0,0,0,0,0,0,0,0,0,0,0,1,0,0,0
"113",400,1739,2,1,1,0,1,0,1,0,0.3,0,0,0,0,0,0,0,0,0,0,0,1,0,0,0,1,0,0,0
"114",590,3154,2,2,1,0,0,0,0,0,0.5,0,0,0,0,0,0,1,0,0,0,0,0,0,0,0,1,0,0,0
"115",310,1347,1,1,1,0,0,0,0,0,0.6,0,0,1,0,0,0,0,0,0,0,0,0,0,0,0,1,0,0,0
"116",420,2100,2,2,1,1,0,0,0,0,0.8,0,0,0,0,0,1,0,0,0,0,0,0,0,0,0,0,1,0,0
"117",450,2405,2,1,1,1,0,0,1,0,0.8,0,0,0,0,0,0,0,1,0,0,0,0,0,0,0,1,0,0,0
"118",995,5970,3,2,1,0,0,0,1,1,0.6,0,0,0,0,0,0,0,0,0,0,0,0,0,1,0,1,0,0,0
"119",700,3742,3,1,1,0,0,0,0,0,0.5,0,0,0,0,0,0,0,1,0,0,0,0,0,0,0,1,0,0,0
"120",280,1217,1,1,1,1,1,0,1,0,0.9,0,0,0,1,0,0,0,0,0,0,0,0,0,0,0,1,0,0,0
"121",440,1912,2,1,1,1,1,0,0,0,0.5,0,0,0,0,0,0,0,0,0,0,0,1,0,0,0,0,1,0,0
"122",440,2200,2,2,1,1,1,0,1,0,0.4,0,0,0,0,0,1,0,0,0,0,0,0,0,0,0,1,0,0,0
"123",795,4770,2,2,2,0,0,0,0,0,1.1,0,0,0,0,0,0,0,0,1,0,0,0,0,0,0,0,0,1,0
"124",450,1955,2,1,1,0,0,0,0,0,0.4,0,0,0,0,0,0,0,1,0,0,0,0,0,0,0,1,0,0,0
"125",500,2172,2,1,1,0,1,0,1,0,0.6,0,0,0,0,0,0,0,0,0,0,0,1,0,0,0,1,0,0,0
"126",470,2350,2,1,1,1,1,0,0,0,0.5,0,1,0,0,0,0,0,0,0,0,0,0,0,0,0,0,1,0,0
"127",490,2130,2,2,1,0,1,0,0,0,0.7,0,0,0,0,0,0,0,0,0,0,0,1,0,0,0,1,0,0,0
"128",410,1782,2,1,1,0,0,0,0,0,0.3,0,0,1,0,0,0,0,0,0,0,0,0,0,0,0,1,0,0,0
"129",350,1521,1,1,1,1,0,0,1,0,0.5,0,0,0,0,0,0,0,1,0,0,0,0,0,0,0,1,0,0,0
"130",360,1924,1,1,1,1,0,0,1,0,0.1,0,0,0,0,0,0,0,1,0,0,0,0,0,0,0,1,0,0,0
"131",320,1390,1,1,1,0,0,0,0,0,0.2,0,1,0,0,0,0,0,0,0,0,0,0,0,0,0,1,0,0,0
"132",560,2433,2,1,1,1,1,0,1,1,0.5,0,1,0,0,0,0,0,0,0,0,0,0,0,0,0,1,0,0,0
"133",480,2566,2,1,1,0,1,0,0,0,0.2,0,0,0,0,0,0,0,1,0,0,0,0,0,0,0,1,0,0,0
"134",650,2825,2,1,2,0,0,0,0,1,0.5,1,0,0,0,0,0,0,0,0,0,0,0,0,0,0,1,0,0,0
"135",400,2138,1,1,1,0,0,0,1,0,0.6,0,0,0,0,0,0,0,1,0,0,0,0,0,0,0,1,0,0,0
"136",400,1738,2,1,1,1,1,0,1,0,0.6,0,0,1,0,0,0,0,0,0,0,0,0,0,0,0,1,0,0,0
"137",830,5410,2,2,0,0,0,0,0,0,0.6,0,0,0,0,0,0,0,1,0,0,0,0,0,0,0,0,1,0,0
"138",390,2085,2,1,1,1,1,0,0,0,0.2,0,0,0,0,0,0,0,1,0,0,0,0,0,0,0,1,0,0,0
"139",320,1390,1,1,1,0,1,0,1,0,1.1,0,1,0,0,0,0,0,0,0,0,0,0,0,0,0,1,0,0,0
"140",270,1173,1,1,0,1,0,0,0,0,0.4,0,0,0,0,0,0,0,1,0,0,0,0,0,0,0,1,0,0,0
"141",360,1564,2,1,1,1,0,0,0,0,0.6,0,0,0,0,0,0,0,0,0,0,0,1,0,0,0,1,0,0,0
"142",275,1195,1,1,0,1,0,0,0,0,0.7,0,0,0,1,0,0,0,0,0,0,0,0,0,0,0,1,0,0,0
"143",380,1651,1,1,1,0,0,0,0,0,1.5,0,0,1,0,0,0,0,0,0,0,0,0,0,0,0,1,0,0,0
"144",340,1477,1,1,1,1,0,0,1,0,0.7,0,0,1,0,0,0,0,0,0,0,0,0,0,0,0,1,0,0,0
"145",420,1825,3,1,1,0,1,0,0,0,0.9,0,0,0,0,0,0,0,0,0,0,0,1,0,0,0,0,0,0,1
"146",355,1543,1,1,1,1,0,0,1,0,0.8,0,0,1,0,0,0,0,0,0,0,0,0,0,0,0,1,0,0,0
"147",450,1955,2,1,1,1,1,0,1,0,0.9,0,0,1,0,0,0,0,0,0,0,0,0,0,0,0,1,0,0,0
"148",585,2925,2,1,1,0,0,0,1,0,1.1,0,1,0,0,0,0,0,0,0,0,0,0,0,0,0,1,0,0,0
"149",440,2200,2,1,1,0,0,0,0,0,0.6,0,1,0,0,0,0,0,0,0,0,0,0,0,0,0,1,0,0,0
"150",400,1739,2,1,1,0,1,0,1,0,0.3,0,0,0,0,0,0,0,0,0,0,0,1,0,0,0,1,0,0,0
"151",590,3154,2,2,1,0,0,0,0,0,0.5,0,0,0,0,0,0,1,0,0,0,0,0,0,0,0,1,0,0,0
"152",310,1347,1,1,1,0,0,0,0,0,0.6,0,0,1,0,0,0,0,0,0,0,0,0,0,0,0,1,0,0,0
"153",420,2100,2,2,1,1,0,0,0,0,0.8,0,0,0,0,0,1,0,0,0,0,0,0,0,0,0,0,1,0,0
"154",450,2405,2,1,1,1,0,0,1,0,0.8,0,0,0,0,0,0,0,1,0,0,0,0,0,0,0,1,0,0,0
"155",995,5970,3,2,1,0,0,0,1,1,0.6,0,0,0,0,0,0,0,0,0,0,0,0,0,1,0,1,0,0,0
"156",700,3742,3,1,1,0,0,0,0,0,0.5,0,0,0,0,0,0,0,1,0,0,0,0,0,0,0,1,0,0,0
"157",280,1217,1,1,1,1,1,0,1,0,0.9,0,0,0,1,0,0,0,0,0,0,0,0,0,0,0,1,0,0,0
"158",440,1912,2,1,1,1,1,0,0,0,0.5,0,0,0,0,0,0,0,0,0,0,0,1,0,0,0,0,1,0,0
"159",440,2200,2,2,1,1,1,0,1,0,0.4,0,0,0,0,0,1,0,0,0,0,0,0,0,0,0,1,0,0,0
"160",795,4770,2,2,2,0,0,0,0,0,1.1,0,0,0,0,0,0,0,0,1,0,0,0,0,0,0,0,0,1,0
"161",450,1955,2,1,1,0,0,0,0,0,0.4,0,0,0,0,0,0,0,1,0,0,0,0,0,0,0,1,0,0,0
"162",500,2172,2,1,1,0,1,0,1,0,0.6,0,0,0,0,0,0,0,0,0,0,0,1,0,0,0,1,0,0,0
"163",470,2350,2,1,1,1,1,0,0,0,0.5,0,1,0,0,0,0,0,0,0,0,0,0,0,0,0,0,1,0,0
"164",490,2130,2,2,1,0,1,0,0,0,0.7,0,0,0,0,0,0,0,0,0,0,0,1,0,0,0,1,0,0,0
"165",410,1782,2,1,1,0,0,0,0,0,0.3,0,0,1,0,0,0,0,0,0,0,0,0,0,0,0,1,0,0,0
"166",350,1521,1,1,1,1,0,0,1,0,0.5,0,0,0,0,0,0,0,1,0,0,0,0,0,0,0,1,0,0,0
"167",360,1924,1,1,1,1,0,0,1,0,0.1,0,0,0,0,0,0,0,1,0,0,0,0,0,0,0,1,0,0,0
"168",320,1390,1,1,1,0,0,0,0,0,0.2,0,1,0,0,0,0,0,0,0,0,0,0,0,0,0,1,0,0,0
"169",560,2433,2,1,1,1,1,0,1,1,0.5,0,1,0,0,0,0,0,0,0,0,0,0,0,0,0,1,0,0,0
"170",480,2566,2,1,1,0,1,0,0,0,0.2,0,0,0,0,0,0,0,1,0,0,0,0,0,0,0,1,0,0,0
"171",650,2825,2,1,2,0,0,0,0,1,0.5,1,0,0,0,0,0,0,0,0,0,0,0,0,0,0,1,0,0,0
"172",400,2138,1,1,1,0,0,0,1,0,0.6,0,0,0,0,0,0,0,1,0,0,0,0,0,0,0,1,0,0,0
"173",400,1738,2,1,1,1,1,0,1,0,0.6,0,0,1,0,0,0,0,0,0,0,0,0,0,0,0,1,0,0,0
"174",830,5410,2,2,0,0,0,0,0,0,0.6,0,0,0,0,0,0,0,1,0,0,0,0,0,0,0,0,1,0,0
"175",390,2085,2,1,1,1,1,0,0,0,0.2,0,0,0,0,0,0,0,1,0,0,0,0,0,0,0,1,0,0,0
"176",320,1390,1,1,1,0,1,0,1,0,1.1,0,1,0,0,0,0,0,0,0,0,0,0,0,0,0,1,0,0,0
"177",270,1173,1,1,0,1,0,0,0,0,0.4,0,0,0,0,0,0,0,1,0,0,0,0,0,0,0,1,0,0,0
"178",360,1564,2,1,1,1,0,0,0,0,0.6,0,0,0,0,0,0,0,0,0,0,0,1,0,0,0,1,0,0,0
"179",275,1195,1,1,0,1,0,0,0,0,0.7,0,0,0,1,0,0,0,0,0,0,0,0,0,0,0,1,0,0,0
"180",380,1651,1,1,1,0,0,0,0,0,1.5,0,0,1,0,0,0,0,0,0,0,0,0,0,0,0,1,0,0,0
"181",340,1477,1,1,1,1,0,0,1,0,0.7,0,0,1,0,0,0,0,0,0,0,0,0,0,0,0,1,0,0,0
"182",420,1825,3,1,1,0,1,0,0,0,0.9,0,0,0,0,0,0,0,0,0,0,0,1,0,0,0,0,0,0,1
"183",355,1543,1,1,1,1,0,0,1,0,0.8,0,0,1,0,0,0,0,0,0,0,0,0,0,0,0,1,0,0,0
"184",450,1955,2,1,1,1,1,0,1,0,0.9,0,0,1,0,0,0,0,0,0,0,0,0,0,0,0,1,0,0,0
"185",585,2925,2,1,1,0,0,0,1,0,1.1,0,1,0,0,0,0,0,0,0,0,0,0,0,0,0,1,0,0,0
"186",440,2200,2,1,1,0,0,0,0,0,0.6,0,1,0,0,0,0,0,0,0,0,0,0,0,0,0,1,0,0,0
"187",400,1739,2,1,1,0,1,0,1,0,0.3,0,0,0,0,0,0,0,0,0,0,0,1,0,0,0,1,0,0,0
"188",590,3154,2,2,1,0,0,0,0,0,0.5,0,0,0,0,0,0,1,0,0,0,0,0,0,0,0,1,0,0,0
"189",310,1347,1,1,1,0,0,0,0,0,0.6,0,0,1,0,0,0,0,0,0,0,0,0,0,0,0,1,0,0,0
"190",420,2100,2,2,1,1,0,0,0,0,0.8,0,0,0,0,0,1,0,0,0,0,0,0,0,0,0,0,1,0,0
"191",450,2405,2,1,1,1,0,0,1,0,0.8,0,0,0,0,0,0,0,1,0,0,0,0,0,0,0,1,0,0,0
"192",995,5970,3,2,1,0,0,0,1,1,0.6,0,0,0,0,0,0,0,0,0,0,0,0,0,1,0,1,0,0,0
"193",700,3742,3,1,1,0,0,0,0,0,0.5,0,0,0,0,0,0,0,1,0,0,0,0,0,0,0,1,0,0,0
"194",280,1217,1,1,1,1,1,0,1,0,0.9,0,0,0,1,0,0,0,0,0,0,0,0,0,0,0,1,0,0,0
"195",440,1912,2,1,1,1,1,0,0,0,0.5,0,0,0,0,0,0,0,0,0,0,0,1,0,0,0,0,1,0,0
"196",440,2200,2,2,1,1,1,0,1,0,0.4,0,0,0,0,0,1,0,0,0,0,0,0,0,0,0,1,0,0,0
"197",795,4770,2,2,2,0,0,0,0,0,1.1,0,0,0,0,0,0,0,0,1,0,0,0,0,0,0,0,0,1,0
"198",450,1955,2,1,1,0,0,0,0,0,0.4,0,0,0,0,0,0,0,1,0,0,0,0,0,0,0,1,0,0,0
"199",500,2172,2,1,1,0,1,0,1,0,0.6,0,0,0,0,0,0,0,0,0,0,0,1,0,0,0,1,0,0,0
"200",470,2350,2,1,1,1,1,0,0,0,0.5,0,1,0,0,0,0,0,0,0,0,0,0,0,0,0,0,1,0,0
"201",490,2130,2,2,1,0,1,0,0,0,0.7,0,0,0,0,0,0,0,0,0,0,0,1,0,0,0,1,0,0,0
"202",410,1782,2,1,1,0,0,0,0,0,0.3,0,0,1,0,0,0,0,0,0,0,0,0,0,0,0,1,0,0,0
"203",350,1521,1,1,1,1,0,0,1,0,0.5,0,0,0,0,0,0,0,1,0,0,0,0,0,0,0,1,0,0,0
"204",360,1924,1,1,1,1,0,0,1,0,0.1,0,0,0,0,0,0,0,1,0,0,0,0,0,0,0,1,0,0,0
"205",320,1390,1,1,1,0,0,0,0,0,0.2,0,1,0,0,0,0,0,0,0,0,0,0,0,0,0,1,0,0,0
"206",560,2433,2,1,1,1,1,0,1,1,0.5,0,1,0,0,0,0,0,0,0,0,0,0,0,0,0,1,0,0,0
"207",480,2566,2,1,1,0,1,0,0,0,0.2,0,0,0,0,0,0,0,1,0,0,0,0,0,0,0,1,0,0,0
"208",650,2825,2,1,2,0,0,0,0,1,0.5,1,0,0,0,0,0,0,0,0,0,0,0,0,0,0,1,0,0,0
"209",400,2138,1,1,1,0,0,0,1,0,0.6,0,0,0,0,0,0,0,1,0,0,0,0,0,0,0,1,0,0,0
"210",400,1738,2,1,1,1,1,0,1,0,0.6,0,0,1,0,0,0,0,0,0,0,0,0,0,0,0,1,0,0,0
"211",830,5410,2,2,0,0,0,0,0,0,0.6,0,0,0,0,0,0,0,1,0,0,0,0,0,0,0,0,1,0,0
"212",390,2085,2,1,1,1,1,0,0,0,0.2,0,0,0,0,0,0,0,1,0,0,0,0,0,0,0,1,0,0,0
"213",320,1390,1,1,1,0,1,0,1,0,1.1,0,1,0,0,0,0,0,0,0,0,0,0,0,0,0,1,0,0,0
"214",270,1173,1,1,0,1,0,0,0,0,0.4,0,0,0,0,0,0,0,1,0,0,0,0,0,0,0,1,0,0,0
"215",360,1564,2,1,1,1,0,0,0,0,0.6,0,0,0,0,0,0,0,0,0,0,0,1,0,0,0,1,0,0,0
"216",275,1195,1,1,0,1,0,0,0,0,0.7,0,0,0,1,0,0,0,0,0,0,0,0,0,0,0,1,0,0,0
"217",380,1651,1,1,1,0,0,0,0,0,1.5,0,0,1,0,0,0,0,0,0,0,0,0,0,0,0,1,0,0,0
"218",340,1477,1,1,1,1,0,0,1,0,0.7,0,0,1,0,0,0,0,0,0,0,0,0,0,0,0,1,0,0,0
"219",420,1825,3,1,1,0,1,0,0,0,0.9,0,0,0,0,0,0,0,0,0,0,0,1,0,0,0,0,0,0,1
"220",355,1543,1,1,1,1,0,0,1,0,0.8,0,0,1,0,0,0,0,0,0,0,0,0,0,0,0,1,0,0,0
"221",450,1955,2,1,1,1,1,0,1,0,0.9,0,0,1,0,0,0,0,0,0,0,0,0,0,0,0,1,0,0,0
"222",585,2925,2,1,1,0,0,0,1,0,1.1,0,1,0,0,0,0,0,0,0,0,0,0,0,0,0,1,0,0,0
"223",440,2200,2,1,1,0,0,0,0,0,0.6,0,1,0,0,0,0,0,0,0,0,0,0,0,0,0,1,0,0,0
"224",400,1739,2,1,1,0,1,0,1,0,0.3,0,0,0,0,0,0,0,0,0,0,0,1,0,0,0,1,0,0,0
"225",590,3154,2,2,1,0,0,0,0,0,0.5,0,0,0,0,0,0,1,0,0,0,0,0,0,0,0,1,0,0,0
"226",310,1347,1,1,1,0,0,0,0,0,0.6,0,0,1,0,0,0,0,0,0,0,0,0,0,0,0,1,0,0,0
"227",420,2100,2,2,1,1,0,0,0,0,0.8,0,0,0,0,0,1,0,0,0,0,0,0,0,0,0,0,1,0,0
"228",450,2405,2,1,1,1,0,0,1,0,0.8,0,0,0,0,0,0,0,1,0,0,0,0,0,0,0,1,0,0,0
"229",995,5970,3,2,1,0,0,0,1,1,0.6,0,0,0,0,0,0,0,0,0,0,0,0,0,1,0,1,0,0,0
"230",700,3742,3,1,1,0,0,0,0,0,0.5,0,0,0,0,0,0,0,1,0,0,0,0,0,0,0,1,0,0,0
"231",280,1217,1,1,1,1,1,0,1,0,0.9,0,0,0,1,0,0,0,0,0,0,0,0,0,0,0,1,0,0,0
"232",440,1912,2,1,1,1,1,0,0,0,0.5,0,0,0,0,0,0,0,0,0,0,0,1,0,0,0,0,1,0,0
"233",440,2200,2,2,1,1,1,0,1,0,0.4,0,0,0,0,0,1,0,0,0,0,0,0,0,0,0,1,0,0,0
"234",795,4770,2,2,2,0,0,0,0,0,1.1,0,0,0,0,0,0,0,0,1,0,0,0,0,0,0,0,0,1,0
"235",450,1955,2,1,1,0,0,0,0,0,0.4,0,0,0,0,0,0,0,1,0,0,0,0,0,0,0,1,0,0,0
"236",500,2172,2,1,1,0,1,0,1,0,0.6,0,0,0,0,0,0,0,0,0,0,0,1,0,0,0,1,0,0,0
"237",470,2350,2,1,1,1,1,0,0,0,0.5,0,1,0,0,0,0,0,0,0,0,0,0,0,0,0,0,1,0,0
"238",490,2130,2,2,1,0,1,0,0,0,0.7,0,0,0,0,0,0,0,0,0,0,0,1,0,0,0,1,0,0,0
"239",410,1782,2,1,1,0,0,0,0,0,0.3,0,0,1,0,0,0,0,0,0,0,0,0,0,0,0,1,0,0,0
"240",350,1521,1,1,1,1,0,0,1,0,0.5,0,0,0,0,0,0,0,1,0,0,0,0,0,0,0,1,0,0,0
"241",360,1924,1,1,1,1,0,0,1,0,0.1,0,0,0,0,0,0,0,1,0,0,0,0,0,0,0,1,0,0,0
"242",320,1390,1,1,1,0,0,0,0,0,0.2,0,1,0,0,0,0,0,0,0,0,0,0,0,0,0,1,0,0,0
"243",560,2433,2,1,1,1,1,0,1,1,0.5,0,1,0,0,0,0,0,0,0,0,0,0,0,0,0,1,0,0,0
"244",480,2566,2,1,1,0,1,0,0,0,0.2,0,0,0,0,0,0,0,1,0,0,0,0,0,0,0,1,0,0,0
"245",650,2825,2,1,2,0,0,0,0,1,0.5,1,0,0,0,0,0,0,0,0,0,0,0,0,0,0,1,0,0,0
"246",400,2138,1,1,1,0,0,0,1,0,0.6,0,0,0,0,0,0,0,1,0,0,0,0,0,0,0,1,0,0,0
"247",400,1738,2,1,1,1,1,0,1,0,0.6,0,0,1,0,0,0,0,0,0,0,0,0,0,0,0,1,0,0,0
"248",830,5410,2,2,0,0,0,0,0,0,0.6,0,0,0,0,0,0,0,1,0,0,0,0,0,0,0,0,1,0,0
"249",390,2085,2,1,1,1,1,0,0,0,0.2,0,0,0,0,0,0,0,1,0,0,0,0,0,0,0,1,0,0,0
"250",320,1390,1,1,1,0,1,0,1,0,1.1,0,1,0,0,0,0,0,0,0,0,0,0,0,0,0,1,0,0,0
"251",270,1173,1,1,0,1,0,0,0,0,0.4,0,0,0,0,0,0,0,1,0,0,0,0,0,0,0,1,0,0,0
"252",360,1564,2,1,1,1,0,0,0,0,0.6,0,0,0,0,0,0,0,0,0,0,0,1,0,0,0,1,0,0,0
"253",275,1195,1,1,0,1,0,0,0,0,0.7,0,0,0,1,0,0,0,0,0,0,0,0,0,0,0,1,0,0,0
"254",380,1651,1,1,1,0,0,0,0,0,1.5,0,0,1,0,0,0,0,0,0,0,0,0,0,0,0,1,0,0,0
"255",340,1477,1,1,1,1,0,0,1,0,0.7,0,0,1,0,0,0,0,0,0,0,0,0,0,0,0,1,0,0,0
"256",420,1825,3,1,1,0,1,0,0,0,0.9,0,0,0,0,0,0,0,0,0,0,0,1,0,0,0,0,0,0,1
"257",355,1543,1,1,1,1,0,0,1,0,0.8,0,0,1,0,0,0,0,0,0,0,0,0,0,0,0,1,0,0,0
"258",450,1955,2,1,1,1,1,0,1,0,0.9,0,0,1,0,0,0,0,0,0,0,0,0,0,0,0,1,0,0,0
"259",585,2925,2,1,1,0,0,0,1,0,1.1,0,1,0,0,0,0,0,0,0,0,0,0,0,0,0,1,0,0,0
"260",440,2200,2,1,1,0,0,0,0,0,0.6,0,1,0,0,0,0,0,0,0,0,0,0,0,0,0,1,0,0,0
"261",400,1739,2,1,1,0,1,0,1,0,0.3,0,0,0,0,0,0,0,0,0,0,0,1,0,0,0,1,0,0,0
"262",590,3154,2,2,1,0,0,0,0,0,0.5,0,0,0,0,0,0,1,0,0,0,0,0,0,0,0,1,0,0,0
"263",310,1347,1,1,1,0,0,0,0,0,0.6,0,0,1,0,0,0,0,0,0,0,0,0,0,0,0,1,0,0,0
"264",420,2100,2,2,1,1,0,0,0,0,0.8,0,0,0,0,0,1,0,0,0,0,0,0,0,0,0,0,1,0,0
"265",450,2405,2,1,1,1,0,0,1,0,0.8,0,0,0,0,0,0,0,1,0,0,0,0,0,0,0,1,0,0,0
"266",995,5970,3,2,1,0,0,0,1,1,0.6,0,0,0,0,0,0,0,0,0,0,0,0,0,1,0,1,0,0,0
"267",700,3742,3,1,1,0,0,0,0,0,0.5,0,0,0,0,0,0,0,1,0,0,0,0,0,0,0,1,0,0,0
"268",280,1217,1,1,1,1,1,0,1,0,0.9,0,0,0,1,0,0,0,0,0,0,0,0,0,0,0,1,0,0,0
"269",440,1912,2,1,1,1,1,0,0,0,0.5,0,0,0,0,0,0,0,0,0,0,0,1,0,0,0,0,1,0,0
"270",440,2200,2,2,1,1,1,0,1,0,0.4,0,0,0,0,0,1,0,0,0,0,0,0,0,0,0,1,0,0,0
"271",795,4770,2,2,2,0,0,0,0,0,1.1,0,0,0,0,0,0,0,0,1,0,0,0,0,0,0,0,0,1,0
"272",450,1955,2,1,1,0,0,0,0,0,0.4,0,0,0,0,0,0,0,1,0,0,0,0,0,0,0,1,0,0,0
"273",500,2172,2,1,1,0,1,0,1,0,0.6,0,0,0,0,0,0,0,0,0,0,0,1,0,0,0,1,0,0,0
"274",470,2350,2,1,1,1,1,0,0,0,0.5,0,1,0,0,0,0,0,0,0,0,0,0,0,0,0,0,1,0,0
"275",490,2130,2,2,1,0,1,0,0,0,0.7,0,0,0,0,0,0,0,0,0,0,0,1,0,0,0,1,0,0,0
"276",410,1782,2,1,1,0,0,0,0,0,0.3,0,0,1,0,0,0,0,0,0,0,0,0,0,0,0,1,0,0,0
"277",350,1521,1,1,1,1,0,0,1,0,0.5,0,0,0,0,0,0,0,1,0,0,0,0,0,0,0,1,0,0,0
"278",360,1924,1,1,1,1,0,0,1,0,0.1,0,0,0,0,0,0,0,1,0,0,0,0,0,0,0,1,0,0,0
"279",320,1390,1,1,1,0,0,0,0,0,0.2,0,1,0,0,0,0,0,0,0,0,0,0,0,0,0,1,0,0,0
"280",560,2433,2,1,1,1,1,0,1,1,0.5,0,1,0,0,0,0,0,0,0,0,0,0,0,0,0,1,0,0,0
"281",480,2566,2,1,1,0,1,0,0,0,0.2,0,0,0,0,0,0,0,1,0,0,0,0,0,0,0,1,0,0,0
"282",650,2825,2,1,2,0,0,0,0,1,0.5,1,0,0,0,0,0,0,0,0,0,0,0,0,0,0,1,0,0,0
"283",400,2138,1,1,1,0,0,0,1,0,0.6,0,0,0,0,0,0,0,1,0,0,0,0,0,0,0,1,0,0,0
"284",400,1738,2,1,1,1,1,0,1,0,0.6,0,0,1,0,0,0,0,0,0,0,0,0,0,0,0,1,0,0,0
"285",830,5410,2,2,0,0,0,0,0,0,0.6,0,0,0,0,0,0,0,1,0,0,0,0,0,0,0,0,1,0,0
"286",390,2085,2,1,1,1,1,0,0,0,0.2,0,0,0,0,0,0,0,1,0,0,0,0,0,0,0,1,0,0,0
"287",320,1390,1,1,1,0,1,0,1,0,1.1,0,1,0,0,0,0,0,0,0,0,0,0,0,0,0,1,0,0,0
"288",270,1173,1,1,0,1,0,0,0,0,0.4,0,0,0,0,0,0,0,1,0,0,0,0,0,0,0,1,0,0,0
"289",360,1564,2,1,1,1,0,0,0,0,0.6,0,0,0,0,0,0,0,0,0,0,0,1,0,0,0,1,0,0,0
"290",275,1195,1,1,0,1,0,0,0,0,0.7,0,0,0,1,0,0,0,0,0,0,0,0,0,0,0,1,0,0,0
"291",380,1651,1,1,1,0,0,0,0,0,1.5,0,0,1,0,0,0,0,0,0,0,0,0,0,0,0,1,0,0,0
"292",340,1477,1,1,1,1,0,0,1,0,0.7,0,0,1,0,0,0,0,0,0,0,0,0,0,0,0,1,0,0,0
"293",420,1825,3,1,1,0,1,0,0,0,0.9,0,0,0,0,0,0,0,0,0,0,0,1,0,0,0,0,0,0,1
"294",355,1543,1,1,1,1,0,0,1,0,0.8,0,0,1,0,0,0,0,0,0,0,0,0,0,0,0,1,0,0,0
"295",450,1955,2,1,1,1,1,0,1,0,0.9,0,0,1,0,0,0,0,0,0,0,0,0,0,0,0,1,0,0,0
"296",585,2925,2,1,1,0,0,0,1,0,1.1,0,1,0,0,0,0,0,0,0,0,0,0,0,0,0,1,0,0,0
"297",440,2200,2,1,1,0,0,0,0,0,0.6,0,1,0,0,0,0,0,0,0,0,0,0,0,0,0,1,0,0,0
"298",400,1739,2,1,1,0,1,0,1,0,0.3,0,0,0,0,0,0,0,0,0,0,0,1,0,0,0,1,0,0,0
"299",590,3154,2,2,1,0,0,0,0,0,0.5,0,0,0,0,0,0,1,0,0,0,0,0,0,0,0,1,0,0,0
"300",310,1347,1,1,1,0,0,0,0,0,0.6,0,0,1,0,0,0,0,0,0,0,0,0,0,0,0,1,0,0,0
"301",420,2100,2,2,1,1,0,0,0,0,0.8,0,0,0,0,0,1,0,0,0,0,0,0,0,0,0,0,1,0,0
"302",450,2405,2,1,1,1,0,0,1,0,0.8,0,0,0,0,0,0,0,1,0,0,0,0,0,0,0,1,0,0,0
"303",995,5970,3,2,1,0,0,0,1,1,0.6,0,0,0,0,0,0,0,0,0,0,0,0,0,1,0,1,0,0,0
"304",700,3742,3,1,1,0,0,0,0,0,0.5,0,0,0,0,0,0,0,1,0,0,0,0,0,0,0,1,0,0,0
"305",280,1217,1,1,1,1,1,0,1,0,0.9,0,0,0,1,0,0,0,0,0,0,0,0,0,0,0,1,0,0,0
"306",440,1912,2,1,1,1,1,0,0,0,0.5,0,0,0,0,0,0,0,0,0,0,0,1,0,0,0,0,1,0,0
"307",440,2200,2,2,1,1,1,0,1,0,0.4,0,0,0,0,0,1,0,0,0,0,0,0,0,0,0,1,0,0,0
"308",795,4770,2,2,2,0,0,0,0,0,1.1,0,0,0,0,0,0,0,0,1,0,0,0,0,0,0,0,0,1,0
"309",450,1955,2,1,1,0,0,0,0,0,0.4,0,0,0,0,0,0,0,1,0,0,0,0,0,0,0,1,0,0,0
"310",500,2172,2,1,1,0,1,0,1,0,0.6,0,0,0,0,0,0,0,0,0,0,0,1,0,0,0,1,0,0,0
"311",470,2350,2,1,1,1,1,0,0,0,0.5,0,1,0,0,0,0,0,0,0,0,0,0,0,0,0,0,1,0,0
"312",490,2130,2,2,1,0,1,0,0,0,0.7,0,0,0,0,0,0,0,0,0,0,0,1,0,0,0,1,0,0,0
"313",410,1782,2,1,1,0,0,0,0,0,0.3,0,0,1,0,0,0,0,0,0,0,0,0,0,0,0,1,0,0,0
"314",350,1521,1,1,1,1,0,0,1,0,0.5,0,0,0,0,0,0,0,1,0,0,0,0,0,0,0,1,0,0,0
"315",360,1924,1,1,1,1,0,0,1,0,0.1,0,0,0,0,0,0,0,1,0,0,0,0,0,0,0,1,0,0,0
"316",320,1390,1,1,1,0,0,0,0,0,0.2,0,1,0,0,0,0,0,0,0,0,0,0,0,0,0,1,0,0,0
"317",560,2433,2,1,1,1,1,0,1,1,0.5,0,1,0,0,0,0,0,0,0,0,0,0,0,0,0,1,0,0,0
"318",480,2566,2,1,1,0,1,0,0,0,0.2,0,0,0,0,0,0,0,1,0,0,0,0,0,0,0,1,0,0,0
"319",650,2825,2,1,2,0,0,0,0,1,0.5,1,0,0,0,0,0,0,0,0,0,0,0,0,0,0,1,0,0,0
"320",400,2138,1,1,1,0,0,0,1,0,0.6,0,0,0,0,0,0,0,1,0,0,0,0,0,0,0,1,0,0,0
"321",400,1738,2,1,1,1,1,0,1,0,0.6,0,0,1,0,0,0,0,0,0,0,0,0,0,0,0,1,0,0,0
"322",830,5410,2,2,0,0,0,0,0,0,0.6,0,0,0,0,0,0,0,1,0,0,0,0,0,0,0,0,1,0,0
"323",390,2085,2,1,1,1,1,0,0,0,0.2,0,0,0,0,0,0,0,1,0,0,0,0,0,0,0,1,0,0,0
"324",320,1390,1,1,1,0,1,0,1,0,1.1,0,1,0,0,0,0,0,0,0,0,0,0,0,0,0,1,0,0,0
"325",270,1173,1,1,0,1,0,0,0,0,0.4,0,0,0,0,0,0,0,1,0,0,0,0,0,0,0,1,0,0,0
"326",360,1564,2,1,1,1,0,0,0,0,0.6,0,0,0,0,0,0,0,0,0,0,0,1,0,0,0,1,0,0,0
"327",275,1195,1,1,0,1,0,0,0,0,0.7,0,0,0,1,0,0,0,0,0,0,0,0,0,0,0,1,0,0,0
"328",380,1651,1,1,1,0,0,0,0,0,1.5,0,0,1,0,0,0,0,0,0,0,0,0,0,0,0,1,0,0,0
"329",340,1477,1,1,1,1,0,0,1,0,0.7,0,0,1,0,0,0,0,0,0,0,0,0,0,0,0,1,0,0,0
"330",420,1825,3,1,1,0,1,0,0,0,0.9,0,0,0,0,0,0,0,0,0,0,0,1,0,0,0,0,0,0,1
"331",355,1543,1,1,1,1,0,0,1,0,0.8,0,0,1,0,0,0,0,0,0,0,0,0,0,0,0,1,0,0,0
"332",450,1955,2,1,1,1,1,0,1,0,0.9,0,0,1,0,0,0,0,0,0,0,0,0,0,0,0,1,0,0,0
"333",585,2925,2,1,1,0,0,0,1,0,1.1,0,1,0,0,0,0,0,0,0,0,0,0,0,0,0,1,0,0,0
"334",440,2200,2,1,1,0,0,0,0,0,0.6,0,1,0,0,0,0,0,0,0,0,0,0,0,0,0,1,0,0,0
"335",400,1739,2,1,1,0,1,0,1,0,0.3,0,0,0,0,0,0,0,0,0,0,0,1,0,0,0,1,0,0,0
"336",590,3154,2,2,1,0,0,0,0,0,0.5,0,0,0,0,0,0,1,0,0,0,0,0,0,0,0,1,0,0,0
"337",450,1955,2,2,0,0,0,0,0,0,0.8,0,0,0,0,0,0,0,0,0,0,1,0,0,0,0,1,0,0,0
"338",310,1347,1,1,1,0,0,0,0,0,0.6,0,0,1,0,0,0,0,0,0,0,0,0,0,0,0,1,0,0,0
"339",420,2100,2,2,1,1,0,0,0,0,0.8,0,0,0,0,0,1,0,0,0,0,0,0,0,0,0,0,1,0,0
"340",450,2405,2,1,1,1,0,0,1,0,0.8,0,0,0,0,0,0,0,1,0,0,0,0,0,0,0,1,0,0,0
"341",995,5970,3,2,1,0,0,0,1,1,0.6,0,0,0,0,0,0,0,0,0,0,0,0,0,1,0,1,0,0,0
"342",700,3742,3,1,1,0,0,0,0,0,0.5,0,0,0,0,0,0,0,1,0,0,0,0,0,0,0,1,0,0,0
"343",280,1217,1,1,1,1,1,0,1,0,0.9,0,0,0,1,0,0,0,0,0,0,0,0,0,0,0,1,0,0,0
"344",440,1912,2,1,1,1,1,0,0,0,0.5,0,0,0,0,0,0,0,0,0,0,0,1,0,0,0,0,1,0,0
"345",440,2200,2,2,1,1,1,0,1,0,0.4,0,0,0,0,0,1,0,0,0,0,0,0,0,0,0,1,0,0,0
"346",795,4770,2,2,2,0,0,0,0,0,1.1,0,0,0,0,0,0,0,0,1,0,0,0,0,0,0,0,0,1,0
"347",450,1955,2,1,1,0,0,0,0,0,0.4,0,0,0,0,0,0,0,1,0,0,0,0,0,0,0,1,0,0,0
"348",500,2172,2,1,1,0,1,0,1,0,0.6,0,0,0,0,0,0,0,0,0,0,0,1,0,0,0,1,0,0,0
"349",470,2350,2,1,1,1,1,0,0,0,0.5,0,1,0,0,0,0,0,0,0,0,0,0,0,0,0,0,1,0,0
"350",490,2130,2,2,1,0,1,0,0,0,0.7,0,0,0,0,0,0,0,0,0,0,0,1,0,0,0,1,0,0,0
"351",410,1782,2,1,1,0,0,0,0,0,0.3,0,0,1,0,0,0,0,0,0,0,0,0,0,0,0,1,0,0,0
"352",350,1521,1,1,1,1,0,0,1,0,0.5,0,0,0,0,0,0,0,1,0,0,0,0,0,0,0,1,0,0,0
"353",360,1924,1,1,1,1,0,0,1,0,0.1,0,0,0,0,0,0,0,1,0,0,0,0,0,0,0,1,0,0,0
"354",320,1390,1,1,1,0,0,0,0,0,0.2,0,1,0,0,0,0,0,0,0,0,0,0,0,0,0,1,0,0,0
"355",560,2433,2,1,1,1,1,0,1,1,0.5,0,1,0,0,0,0,0,0,0,0,0,0,0,0,0,1,0,0,0
"356",480,2566,2,1,1,0,1,0,0,0,0.2,0,0,0,0,0,0,0,1,0,0,0,0,0,0,0,1,0,0,0
"357",650,2825,2,1,2,0,0,0,0,1,0.5,1,0,0,0,0,0,0,0,0,0,0,0,0,0,0,1,0,0,0
"358",400,2138,1,1,1,0,0,0,1,0,0.6,0,0,0,0,0,0,0,1,0,0,0,0,0,0,0,1,0,0,0
"359",400,1738,2,1,1,1,1,0,1,0,0.6,0,0,1,0,0,0,0,0,0,0,0,0,0,0,0,1,0,0,0
"360",830,5410,2,2,0,0,0,0,0,0,0.6,0,0,0,0,0,0,0,1,0,0,0,0,0,0,0,0,1,0,0
"361",390,2085,2,1,1,1,1,0,0,0,0.2,0,0,0,0,0,0,0,1,0,0,0,0,0,0,0,1,0,0,0
"362",320,1390,1,1,1,0,1,0,1,0,1.1,0,1,0,0,0,0,0,0,0,0,0,0,0,0,0,1,0,0,0
"363",270,1173,1,1,0,1,0,0,0,0,0.4,0,0,0,0,0,0,0,1,0,0,0,0,0,0,0,1,0,0,0
"364",360,1564,2,1,1,1,0,0,0,0,0.6,0,0,0,0,0,0,0,0,0,0,0,1,0,0,0,1,0,0,0
"365",275,1195,1,1,0,1,0,0,0,0,0.7,0,0,0,1,0,0,0,0,0,0,0,0,0,0,0,1,0,0,0
"366",380,1651,1,1,1,0,0,0,0,0,1.5,0,0,1,0,0,0,0,0,0,0,0,0,0,0,0,1,0,0,0
"367",340,1477,1,1,1,1,0,0,1,0,0.7,0,0,1,0,0,0,0,0,0,0,0,0,0,0,0,1,0,0,0
"368",420,1825,3,1,1,0,1,0,0,0,0.9,0,0,0,0,0,0,0,0,0,0,0,1,0,0,0,0,0,0,1
"369",355,1543,1,1,1,1,0,0,1,0,0.8,0,0,1,0,0,0,0,0,0,0,0,0,0,0,0,1,0,0,0
"370",450,1955,2,1,1,1,1,0,1,0,0.9,0,0,1,0,0,0,0,0,0,0,0,0,0,0,0,1,0,0,0
"371",585,2925,2,1,1,0,0,0,1,0,1.1,0,1,0,0,0,0,0,0,0,0,0,0,0,0,0,1,0,0,0
"372",440,2200,2,1,1,0,0,0,0,0,0.6,0,1,0,0,0,0,0,0,0,0,0,0,0,0,0,1,0,0,0
"373",400,1739,2,1,1,0,1,0,1,0,0.3,0,0,0,0,0,0,0,0,0,0,0,1,0,0,0,1,0,0,0
"374",590,3154,2,2,1,0,0,0,0,0,0.5,0,0,0,0,0,0,1,0,0,0,0,0,0,0,0,1,0,0,0
"375",420,2520,1,1,1,1,1,0,1,0,0.5,0,1,0,0,0,0,0,0,0,0,0,0,0,0,0,1,0,0,0
"376",310,1347,1,1,1,0,0,0,0,0,0.6,0,0,1,0,0,0,0,0,0,0,0,0,0,0,0,1,0,0,0
"377",420,2100,2,2,1,1,0,0,0,0,0.8,0,0,0,0,0,1,0,0,0,0,0,0,0,0,0,0,1,0,0
"378",450,2405,2,1,1,1,0,0,1,0,0.8,0,0,0,0,0,0,0,1,0,0,0,0,0,0,0,1,0,0,0
"379",995,5970,3,2,1,0,0,0,1,1,0.6,0,0,0,0,0,0,0,0,0,0,0,0,0,1,0,1,0,0,0
"380",700,3742,3,1,1,0,0,0,0,0,0.5,0,0,0,0,0,0,0,1,0,0,0,0,0,0,0,1,0,0,0
"381",280,1217,1,1,1,1,1,0,1,0,0.9,0,0,0,1,0,0,0,0,0,0,0,0,0,0,0,1,0,0,0
"382",440,1912,2,1,1,1,1,0,0,0,0.5,0,0,0,0,0,0,0,0,0,0,0,1,0,0,0,0,1,0,0
"383",440,2200,2,2,1,1,1,0,1,0,0.4,0,0,0,0,0,1,0,0,0,0,0,0,0,0,0,1,0,0,0
"384",795,4770,2,2,2,0,0,0,0,0,1.1,0,0,0,0,0,0,0,0,1,0,0,0,0,0,0,0,0,1,0
"385",450,1955,2,1,1,0,0,0,0,0,0.4,0,0,0,0,0,0,0,1,0,0,0,0,0,0,0,1,0,0,0
"386",500,2172,2,1,1,0,1,0,1,0,0.6,0,0,0,0,0,0,0,0,0,0,0,1,0,0,0,1,0,0,0
"387",470,2350,2,1,1,1,1,0,0,0,0.5,0,1,0,0,0,0,0,0,0,0,0,0,0,0,0,0,1,0,0
"388",490,2130,2,2,1,0,1,0,0,0,0.7,0,0,0,0,0,0,0,0,0,0,0,1,0,0,0,1,0,0,0
"389",410,1782,2,1,1,0,0,0,0,0,0.3,0,0,1,0,0,0,0,0,0,0,0,0,0,0,0,1,0,0,0
"390",350,1521,1,1,1,1,0,0,1,0,0.5,0,0,0,0,0,0,0,1,0,0,0,0,0,0,0,1,0,0,0
"391",360,1924,1,1,1,1,0,0,1,0,0.1,0,0,0,0,0,0,0,1,0,0,0,0,0,0,0,1,0,0,0
"392",320,1390,1,1,1,0,0,0,0,0,0.2,0,1,0,0,0,0,0,0,0,0,0,0,0,0,0,1,0,0,0
"393",560,2433,2,1,1,1,1,0,1,1,0.5,0,1,0,0,0,0,0,0,0,0,0,0,0,0,0,1,0,0,0
"394",480,2566,2,1,1,0,1,0,0,0,0.2,0,0,0,0,0,0,0,1,0,0,0,0,0,0,0,1,0,0,0
"395",650,2825,2,1,2,0,0,0,0,1,0.5,1,0,0,0,0,0,0,0,0,0,0,0,0,0,0,1,0,0,0
"396",400,2138,1,1,1,0,0,0,1,0,0.6,0,0,0,0,0,0,0,1,0,0,0,0,0,0,0,1,0,0,0
"397",400,1738,2,1,1,1,1,0,1,0,0.6,0,0,1,0,0,0,0,0,0,0,0,0,0,0,0,1,0,0,0
"398",830,5410,2,2,0,0,0,0,0,0,0.6,0,0,0,0,0,0,0,1,0,0,0,0,0,0,0,0,1,0,0
"399",390,2085,2,1,1,1,1,0,0,0,0.2,0,0,0,0,0,0,0,1,0,0,0,0,0,0,0,1,0,0,0
"400",320,1390,1,1,1,0,1,0,1,0,1.1,0,1,0,0,0,0,0,0,0,0,0,0,0,0,0,1,0,0,0
"401",270,1173,1,1,0,1,0,0,0,0,0.4,0,0,0,0,0,0,0,1,0,0,0,0,0,0,0,1,0,0,0
"402",360,1564,2,1,1,1,0,0,0,0,0.6,0,0,0,0,0,0,0,0,0,0,0,1,0,0,0,1,0,0,0
"403",275,1195,1,1,0,1,0,0,0,0,0.7,0,0,0,1,0,0,0,0,0,0,0,0,0,0,0,1,0,0,0
"404",380,1651,1,1,1,0,0,0,0,0,1.5,0,0,1,0,0,0,0,0,0,0,0,0,0,0,0,1,0,0,0
"405",340,1477,1,1,1,1,0,0,1,0,0.7,0,0,1,0,0,0,0,0,0,0,0,0,0,0,0,1,0,0,0
"406",420,1825,3,1,1,0,1,0,0,0,0.9,0,0,0,0,0,0,0,0,0,0,0,1,0,0,0,0,0,0,1
"407",355,1543,1,1,1,1,0,0,1,0,0.8,0,0,1,0,0,0,0,0,0,0,0,0,0,0,0,1,0,0,0
"408",450,1955,2,1,1,1,1,0,1,0,0.9,0,0,1,0,0,0,0,0,0,0,0,0,0,0,0,1,0,0,0
"409",585,2925,2,1,1,0,0,0,1,0,1.1,0,1,0,0,0,0,0,0,0,0,0,0,0,0,0,1,0,0,0
"410",440,2200,2,1,1,0,0,0,0,0,0.6,0,1,0,0,0,0,0,0,0,0,0,0,0,0,0,1,0,0,0
"411",400,1739,2,1,1,0,1,0,1,0,0.3,0,0,0,0,0,0,0,0,0,0,0,1,0,0,0,1,0,0,0
"412",590,3154,2,2,1,0,0,0,0,0,0.5,0,0,0,0,0,0,1,0,0,0,0,0,0,0,0,1,0,0,0
"413",310,1347,1,1,1,0,0,0,0,0,0.6,0,0,1,0,0,0,0,0,0,0,0,0,0,0,0,1,0,0,0
"414",420,2100,2,2,1,1,0,0,0,0,0.8,0,0,0,0,0,1,0,0,0,0,0,0,0,0,0,0,1,0,0
"415",450,2405,2,1,1,1,0,0,1,0,0.8,0,0,0,0,0,0,0,1,0,0,0,0,0,0,0,1,0,0,0
"416",995,5970,3,2,1,0,0,0,1,1,0.6,0,0,0,0,0,0,0,0,0,0,0,0,0,1,0,1,0,0,0
"417",700,3742,3,1,1,0,0,0,0,0,0.5,0,0,0,0,0,0,0,1,0,0,0,0,0,0,0,1,0,0,0
"418",280,1217,1,1,1,1,1,0,1,0,0.9,0,0,0,1,0,0,0,0,0,0,0,0,0,0,0,1,0,0,0
"419",440,1912,2,1,1,1,1,0,0,0,0.5,0,0,0,0,0,0,0,0,0,0,0,1,0,0,0,0,1,0,0
"420",440,2200,2,2,1,1,1,0,1,0,0.4,0,0,0,0,0,1,0,0,0,0,0,0,0,0,0,1,0,0,0
"421",795,4770,2,2,2,0,0,0,0,0,1.1,0,0,0,0,0,0,0,0,1,0,0,0,0,0,0,0,0,1,0
"422",450,1955,2,1,1,0,0,0,0,0,0.4,0,0,0,0,0,0,0,1,0,0,0,0,0,0,0,1,0,0,0
"423",500,2172,2,1,1,0,1,0,1,0,0.6,0,0,0,0,0,0,0,0,0,0,0,1,0,0,0,1,0,0,0
"424",470,2350,2,1,1,1,1,0,0,0,0.5,0,1,0,0,0,0,0,0,0,0,0,0,0,0,0,0,1,0,0
"425",490,2130,2,2,1,0,1,0,0,0,0.7,0,0,0,0,0,0,0,0,0,0,0,1,0,0,0,1,0,0,0
"426",410,1782,2,1,1,0,0,0,0,0,0.3,0,0,1,0,0,0,0,0,0,0,0,0,0,0,0,1,0,0,0
"427",350,1521,1,1,1,1,0,0,1,0,0.5,0,0,0,0,0,0,0,1,0,0,0,0,0,0,0,1,0,0,0
"428",360,1924,1,1,1,1,0,0,1,0,0.1,0,0,0,0,0,0,0,1,0,0,0,0,0,0,0,1,0,0,0
"429",320,1390,1,1,1,0,0,0,0,0,0.2,0,1,0,0,0,0,0,0,0,0,0,0,0,0,0,1,0,0,0
"430",560,2433,2,1,1,1,1,0,1,1,0.5,0,1,0,0,0,0,0,0,0,0,0,0,0,0,0,1,0,0,0
"431",480,2566,2,1,1,0,1,0,0,0,0.2,0,0,0,0,0,0,0,1,0,0,0,0,0,0,0,1,0,0,0
"432",650,2825,2,1,2,0,0,0,0,1,0.5,1,0,0,0,0,0,0,0,0,0,0,0,0,0,0,1,0,0,0
"433",400,2138,1,1,1,0,0,0,1,0,0.6,0,0,0,0,0,0,0,1,0,0,0,0,0,0,0,1,0,0,0
"434",400,1738,2,1,1,1,1,0,1,0,0.6,0,0,1,0,0,0,0,0,0,0,0,0,0,0,0,1,0,0,0
"435",830,5410,2,2,0,0,0,0,0,0,0.6,0,0,0,0,0,0,0,1,0,0,0,0,0,0,0,0,1,0,0
"436",390,2085,2,1,1,1,1,0,0,0,0.2,0,0,0,0,0,0,0,1,0,0,0,0,0,0,0,1,0,0,0
"437",320,1390,1,1,1,0,1,0,1,0,1.1,0,1,0,0,0,0,0,0,0,0,0,0,0,0,0,1,0,0,0
"438",270,1173,1,1,0,1,0,0,0,0,0.4,0,0,0,0,0,0,0,1,0,0,0,0,0,0,0,1,0,0,0
"439",360,1564,2,1,1,1,0,0,0,0,0.6,0,0,0,0,0,0,0,0,0,0,0,1,0,0,0,1,0,0,0
"440",275,1195,1,1,0,1,0,0,0,0,0.7,0,0,0,1,0,0,0,0,0,0,0,0,0,0,0,1,0,0,0
"441",380,1651,1,1,1,0,0,0,0,0,1.5,0,0,1,0,0,0,0,0,0,0,0,0,0,0,0,1,0,0,0
"442",340,1477,1,1,1,1,0,0,1,0,0.7,0,0,1,0,0,0,0,0,0,0,0,0,0,0,0,1,0,0,0
"443",420,1825,3,1,1,0,1,0,0,0,0.9,0,0,0,0,0,0,0,0,0,0,0,1,0,0,0,0,0,0,1
"444",355,1543,1,1,1,1,0,0,1,0,0.8,0,0,1,0,0,0,0,0,0,0,0,0,0,0,0,1,0,0,0
"445",450,1955,2,1,1,1,1,0,1,0,0.9,0,0,1,0,0,0,0,0,0,0,0,0,0,0,0,1,0,0,0
"446",585,2925,2,1,1,0,0,0,1,0,1.1,0,1,0,0,0,0,0,0,0,0,0,0,0,0,0,1,0,0,0
"447",440,2200,2,1,1,0,0,0,0,0,0.6,0,1,0,0,0,0,0,0,0,0,0,0,0,0,0,1,0,0,0
"448",400,1739,2,1,1,0,1,0,1,0,0.3,0,0,0,0,0,0,0,0,0,0,0,1,0,0,0,1,0,0,0
"449",590,3154,2,2,1,0,0,0,0,0,0.5,0,0,0,0,0,0,1,0,0,0,0,0,0,0,0,1,0,0,0
"450",310,1347,1,1,1,0,0,0,0,0,0.6,0,0,1,0,0,0,0,0,0,0,0,0,0,0,0,1,0,0,0
"451",420,2100,2,2,1,1,0,0,0,0,0.8,0,0,0,0,0,1,0,0,0,0,0,0,0,0,0,0,1,0,0
"452",450,2405,2,1,1,1,0,0,1,0,0.8,0,0,0,0,0,0,0,1,0,0,0,0,0,0,0,1,0,0,0
"453",995,5970,3,2,1,0,0,0,1,1,0.6,0,0,0,0,0,0,0,0,0,0,0,0,0,1,0,1,0,0,0
"454",700,3742,3,1,1,0,0,0,0,0,0.5,0,0,0,0,0,0,0,1,0,0,0,0,0,0,0,1,0,0,0
"455",280,1217,1,1,1,1,1,0,1,0,0.9,0,0,0,1,0,0,0,0,0,0,0,0,0,0,0,1,0,0,0
"456",440,1912,2,1,1,1,1,0,0,0,0.5,0,0,0,0,0,0,0,0,0,0,0,1,0,0,0,0,1,0,0
"457",440,2200,2,2,1,1,1,0,1,0,0.4,0,0,0,0,0,1,0,0,0,0,0,0,0,0,0,1,0,0,0
"458",795,4770,2,2,2,0,0,0,0,0,1.1,0,0,0,0,0,0,0,0,1,0,0,0,0,0,0,0,0,1,0
"459",450,1955,2,1,1,0,0,0,0,0,0.4,0,0,0,0,0,0,0,1,0,0,0,0,0,0,0,1,0,0,0
"460",500,2172,2,1,1,0,1,0,1,0,0.6,0,0,0,0,0,0,0,0,0,0,0,1,0,0,0,1,0,0,0
"461",470,2350,2,1,1,1,1,0,0,0,0.5,0,1,0,0,0,0,0,0,0,0,0,0,0,0,0,0,1,0,0
"462",490,2130,2,2,1,0,1,0,0,0,0.7,0,0,0,0,0,0,0,0,0,0,0,1,0,0,0,1,0,0,0
"463",410,1782,2,1,1,0,0,0,0,0,0.3,0,0,1,0,0,0,0,0,0,0,0,0,0,0,0,1,0,0,0
"464",350,1521,1,1,1,1,0,0,1,0,0.5,0,0,0,0,0,0,0,1,0,0,0,0,0,0,0,1,0,0,0
"465",360,1924,1,1,1,1,0,0,1,0,0.1,0,0,0,0,0,0,0,1,0,0,0,0,0,0,0,1,0,0,0
"466",320,1390,1,1,1,0,0,0,0,0,0.2,0,1,0,0,0,0,0,0,0,0,0,0,0,0,0,1,0,0,0
"467",560,2433,2,1,1,1,1,0,1,1,0.5,0,1,0,0,0,0,0,0,0,0,0,0,0,0,0,1,0,0,0
"468",480,2566,2,1,1,0,1,0,0,0,0.2,0,0,0,0,0,0,0,1,0,0,0,0,0,0,0,1,0,0,0
"469",650,2825,2,1,2,0,0,0,0,1,0.5,1,0,0,0,0,0,0,0,0,0,0,0,0,0,0,1,0,0,0
"470",400,2138,1,1,1,0,0,0,1,0,0.6,0,0,0,0,0,0,0,1,0,0,0,0,0,0,0,1,0,0,0
"471",400,1738,2,1,1,1,1,0,1,0,0.6,0,0,1,0,0,0,0,0,0,0,0,0,0,0,0,1,0,0,0
"472",830,5410,2,2,0,0,0,0,0,0,0.6,0,0,0,0,0,0,0,1,0,0,0,0,0,0,0,0,1,0,0
"473",390,2085,2,1,1,1,1,0,0,0,0.2,0,0,0,0,0,0,0,1,0,0,0,0,0,0,0,1,0,0,0
"474",320,1390,1,1,1,0,1,0,1,0,1.1,0,1,0,0,0,0,0,0,0,0,0,0,0,0,0,1,0,0,0
"475",270,1173,1,1,0,1,0,0,0,0,0.4,0,0,0,0,0,0,0,1,0,0,0,0,0,0,0,1,0,0,0
"476",360,1564,2,1,1,1,0,0,0,0,0.6,0,0,0,0,0,0,0,0,0,0,0,1,0,0,0,1,0,0,0
"477",275,1195,1,1,0,1,0,0,0,0,0.7,0,0,0,1,0,0,0,0,0,0,0,0,0,0,0,1,0,0,0
"478",380,1651,1,1,1,0,0,0,0,0,1.5,0,0,1,0,0,0,0,0,0,0,0,0,0,0,0,1,0,0,0
"479",340,1477,1,1,1,1,0,0,1,0,0.7,0,0,1,0,0,0,0,0,0,0,0,0,0,0,0,1,0,0,0
"480",420,1825,3,1,1,0,1,0,0,0,0.9,0,0,0,0,0,0,0,0,0,0,0,1,0,0,0,0,0,0,1
"481",355,1543,1,1,1,1,0,0,1,0,0.8,0,0,1,0,0,0,0,0,0,0,0,0,0,0,0,1,0,0,0
"482",450,1955,2,1,1,1,1,0,1,0,0.9,0,0,1,0,0,0,0,0,0,0,0,0,0,0,0,1,0,0,0
"483",585,2925,2,1,1,0,0,0,1,0,1.1,0,1,0,0,0,0,0,0,0,0,0,0,0,0,0,1,0,0,0
"484",440,2200,2,1,1,0,0,0,0,0,0.6,0,1,0,0,0,0,0,0,0,0,0,0,0,0,0,1,0,0,0
"485",400,1739,2,1,1,0,1,0,1,0,0.3,0,0,0,0,0,0,0,0,0,0,0,1,0,0,0,1,0,0,0
"486",590,3154,2,2,1,0,0,0,0,0,0.5,0,0,0,0,0,0,1,0,0,0,0,0,0,0,0,1,0,0,0
"487",310,1347,1,1,1,0,0,0,0,0,0.6,0,0,1,0,0,0,0,0,0,0,0,0,0,0,0,1,0,0,0
"488",420,2100,2,2,1,1,0,0,0,0,0.8,0,0,0,0,0,1,0,0,0,0,0,0,0,0,0,0,1,0,0
"489",450,2405,2,1,1,1,0,0,1,0,0.8,0,0,0,0,0,0,0,1,0,0,0,0,0,0,0,1,0,0,0
"490",995,5970,3,2,1,0,0,0,1,1,0.6,0,0,0,0,0,0,0,0,0,0,0,0,0,1,0,1,0,0,0
"491",700,3742,3,1,1,0,0,0,0,0,0.5,0,0,0,0,0,0,0,1,0,0,0,0,0,0,0,1,0,0,0
"492",280,1217,1,1,1,1,1,0,1,0,0.9,0,0,0,1,0,0,0,0,0,0,0,0,0,0,0,1,0,0,0
"493",440,1912,2,1,1,1,1,0,0,0,0.5,0,0,0,0,0,0,0,0,0,0,0,1,0,0,0,0,1,0,0
"494",440,2200,2,2,1,1,1,0,1,0,0.4,0,0,0,0,0,1,0,0,0,0,0,0,0,0,0,1,0,0,0
"495",795,4770,2,2,2,0,0,0,0,0,1.1,0,0,0,0,0,0,0,0,1,0,0,0,0,0,0,0,0,1,0
"496",450,1955,2,1,1,0,0,0,0,0,0.4,0,0,0,0,0,0,0,1,0,0,0,0,0,0,0,1,0,0,0
"497",500,2172,2,1,1,0,1,0,1,0,0.6,0,0,0,0,0,0,0,0,0,0,0,1,0,0,0,1,0,0,0
"498",470,2350,2,1,1,1,1,0,0,0,0.5,0,1,0,0,0,0,0,0,0,0,0,0,0,0,0,0,1,0,0
"499",490,2130,2,2,1,0,1,0,0,0,0.7,0,0,0,0,0,0,0,0,0,0,0,1,0,0,0,1,0,0,0
"500",410,1782,2,1,1,0,0,0,0,0,0.3,0,0,1,0,0,0,0,0,0,0,0,0,0,0,0,1,0,0,0
"501",350,1521,1,1,1,1,0,0,1,0,0.5,0,0,0,0,0,0,0,1,0,0,0,0,0,0,0,1,0,0,0
"502",360,1924,1,1,1,1,0,0,1,0,0.1,0,0,0,0,0,0,0,1,0,0,0,0,0,0,0,1,0,0,0
"503",320,1390,1,1,1,0,0,0,0,0,0.2,0,1,0,0,0,0,0,0,0,0,0,0,0,0,0,1,0,0,0
"504",560,2433,2,1,1,1,1,0,1,1,0.5,0,1,0,0,0,0,0,0,0,0,0,0,0,0,0,1,0,0,0
"505",480,2566,2,1,1,0,1,0,0,0,0.2,0,0,0,0,0,0,0,1,0,0,0,0,0,0,0,1,0,0,0
"506",650,2825,2,1,2,0,0,0,0,1,0.5,1,0,0,0,0,0,0,0,0,0,0,0,0,0,0,1,0,0,0
"507",400,2138,1,1,1,0,0,0,1,0,0.6,0,0,0,0,0,0,0,1,0,0,0,0,0,0,0,1,0,0,0
"508",400,1738,2,1,1,1,1,0,1,0,0.6,0,0,1,0,0,0,0,0,0,0,0,0,0,0,0,1,0,0,0
"509",830,5410,2,2,0,0,0,0,0,0,0.6,0,0,0,0,0,0,0,1,0,0,0,0,0,0,0,0,1,0,0
"510",390,2085,2,1,1,1,1,0,0,0,0.2,0,0,0,0,0,0,0,1,0,0,0,0,0,0,0,1,0,0,0
"511",320,1390,1,1,1,0,1,0,1,0,1.1,0,1,0,0,0,0,0,0,0,0,0,0,0,0,0,1,0,0,0
"512",270,1173,1,1,0,1,0,0,0,0,0.4,0,0,0,0,0,0,0,1,0,0,0,0,0,0,0,1,0,0,0
"513",360,1564,2,1,1,1,0,0,0,0,0.6,0,0,0,0,0,0,0,0,0,0,0,1,0,0,0,1,0,0,0
"514",275,1195,1,1,0,1,0,0,0,0,0.7,0,0,0,1,0,0,0,0,0,0,0,0,0,0,0,1,0,0,0
"515",380,1651,1,1,1,0,0,0,0,0,1.5,0,0,1,0,0,0,0,0,0,0,0,0,0,0,0,1,0,0,0
"516",340,1477,1,1,1,1,0,0,1,0,0.7,0,0,1,0,0,0,0,0,0,0,0,0,0,0,0,1,0,0,0
"517",420,1825,3,1,1,0,1,0,0,0,0.9,0,0,0,0,0,0,0,0,0,0,0,1,0,0,0,0,0,0,1
"518",355,1543,1,1,1,1,0,0,1,0,0.8,0,0,1,0,0,0,0,0,0,0,0,0,0,0,0,1,0,0,0
"519",450,1955,2,1,1,1,1,0,1,0,0.9,0,0,1,0,0,0,0,0,0,0,0,0,0,0,0,1,0,0,0
"520",585,2925,2,1,1,0,0,0,1,0,1.1,0,1,0,0,0,0,0,0,0,0,0,0,0,0,0,1,0,0,0
"521",440,2200,2,1,1,0,0,0,0,0,0.6,0,1,0,0,0,0,0,0,0,0,0,0,0,0,0,1,0,0,0
"522",400,1739,2,1,1,0,1,0,1,0,0.3,0,0,0,0,0,0,0,0,0,0,0,1,0,0,0,1,0,0,0
"523",590,3154,2,2,1,0,0,0,0,0,0.5,0,0,0,0,0,0,1,0,0,0,0,0,0,0,0,1,0,0,0
"524",420,1955,2,2,1,0,0,0,0,0,1.5,0,0,0,0,0,0,0,0,0,0,0,0,0,0,1,1,0,0,0
"525",310,1347,1,1,1,0,0,0,0,0,0.6,0,0,1,0,0,0,0,0,0,0,0,0,0,0,0,1,0,0,0
"526",420,2100,2,2,1,1,0,0,0,0,0.8,0,0,0,0,0,1,0,0,0,0,0,0,0,0,0,0,1,0,0
"527",450,2405,2,1,1,1,0,0,1,0,0.8,0,0,0,0,0,0,0,1,0,0,0,0,0,0,0,1,0,0,0
"528",995,5970,3,2,1,0,0,0,1,1,0.6,0,0,0,0,0,0,0,0,0,0,0,0,0,1,0,1,0,0,0
"529",700,3742,3,1,1,0,0,0,0,0,0.5,0,0,0,0,0,0,0,1,0,0,0,0,0,0,0,1,0,0,0
"530",280,1217,1,1,1,1,1,0,1,0,0.9,0,0,0,1,0,0,0,0,0,0,0,0,0,0,0,1,0,0,0
"531",440,1912,2,1,1,1,1,0,0,0,0.5,0,0,0,0,0,0,0,0,0,0,0,1,0,0,0,0,1,0,0
"532",440,2200,2,2,1,1,1,0,1,0,0.4,0,0,0,0,0,1,0,0,0,0,0,0,0,0,0,1,0,0,0
"533",795,4770,2,2,2,0,0,0,0,0,1.1,0,0,0,0,0,0,0,0,1,0,0,0,0,0,0,0,0,1,0
"534",450,1955,2,1,1,0,0,0,0,0,0.4,0,0,0,0,0,0,0,1,0,0,0,0,0,0,0,1,0,0,0
"535",500,2172,2,1,1,0,1,0,1,0,0.6,0,0,0,0,0,0,0,0,0,0,0,1,0,0,0,1,0,0,0
"536",470,2350,2,1,1,1,1,0,0,0,0.5,0,1,0,0,0,0,0,0,0,0,0,0,0,0,0,0,1,0,0
"537",490,2130,2,2,1,0,1,0,0,0,0.7,0,0,0,0,0,0,0,0,0,0,0,1,0,0,0,1,0,0,0
"538",410,1782,2,1,1,0,0,0,0,0,0.3,0,0,1,0,0,0,0,0,0,0,0,0,0,0,0,1,0,0,0
"539",350,1521,1,1,1,1,0,0,1,0,0.5,0,0,0,0,0,0,0,1,0,0,0,0,0,0,0,1,0,0,0
"540",360,1924,1,1,1,1,0,0,1,0,0.1,0,0,0,0,0,0,0,1,0,0,0,0,0,0,0,1,0,0,0
"541",320,1390,1,1,1,0,0,0,0,0,0.2,0,1,0,0,0,0,0,0,0,0,0,0,0,0,0,1,0,0,0
"542",560,2433,2,1,1,1,1,0,1,1,0.5,0,1,0,0,0,0,0,0,0,0,0,0,0,0,0,1,0,0,0
"543",480,2566,2,1,1,0,1,0,0,0,0.2,0,0,0,0,0,0,0,1,0,0,0,0,0,0,0,1,0,0,0
"544",650,2825,2,1,2,0,0,0,0,1,0.5,1,0,0,0,0,0,0,0,0,0,0,0,0,0,0,1,0,0,0
"545",400,2138,1,1,1,0,0,0,1,0,0.6,0,0,0,0,0,0,0,1,0,0,0,0,0,0,0,1,0,0,0
"546",400,1738,2,1,1,1,1,0,1,0,0.6,0,0,1,0,0,0,0,0,0,0,0,0,0,0,0,1,0,0,0
"547",830,5410,2,2,0,0,0,0,0,0,0.6,0,0,0,0,0,0,0,1,0,0,0,0,0,0,0,0,1,0,0
"548",390,2085,2,1,1,1,1,0,0,0,0.2,0,0,0,0,0,0,0,1,0,0,0,0,0,0,0,1,0,0,0
"549",320,1390,1,1,1,0,1,0,1,0,1.1,0,1,0,0,0,0,0,0,0,0,0,0,0,0,0,1,0,0,0
"550",270,1173,1,1,0,1,0,0,0,0,0.4,0,0,0,0,0,0,0,1,0,0,0,0,0,0,0,1,0,0,0
"551",360,1564,2,1,1,1,0,0,0,0,0.6,0,0,0,0,0,0,0,0,0,0,0,1,0,0,0,1,0,0,0
"552",275,1195,1,1,0,1,0,0,0,0,0.7,0,0,0,1,0,0,0,0,0,0,0,0,0,0,0,1,0,0,0
"553",380,1651,1,1,1,0,0,0,0,0,1.5,0,0,1,0,0,0,0,0,0,0,0,0,0,0,0,1,0,0,0
"554",340,1477,1,1,1,1,0,0,1,0,0.7,0,0,1,0,0,0,0,0,0,0,0,0,0,0,0,1,0,0,0
"555",420,1825,3,1,1,0,1,0,0,0,0.9,0,0,0,0,0,0,0,0,0,0,0,1,0,0,0,0,0,0,1
"556",355,1543,1,1,1,1,0,0,1,0,0.8,0,0,1,0,0,0,0,0,0,0,0,0,0,0,0,1,0,0,0
"557",450,1955,2,1,1,1,1,0,1,0,0.9,0,0,1,0,0,0,0,0,0,0,0,0,0,0,0,1,0,0,0
"558",585,2925,2,1,1,0,0,0,1,0,1.1,0,1,0,0,0,0,0,0,0,0,0,0,0,0,0,1,0,0,0
"559",440,2200,2,1,1,0,0,0,0,0,0.6,0,1,0,0,0,0,0,0,0,0,0,0,0,0,0,1,0,0,0
"560",400,1739,2,1,1,0,1,0,1,0,0.3,0,0,0,0,0,0,0,0,0,0,0,1,0,0,0,1,0,0,0
"561",590,3154,2,2,1,0,0,0,0,0,0.5,0,0,0,0,0,0,1,0,0,0,0,0,0,0,0,1,0,0,0
"562",310,1347,1,1,1,0,0,0,0,0,0.6,0,0,1,0,0,0,0,0,0,0,0,0,0,0,0,1,0,0,0
"563",420,2100,2,2,1,1,0,0,0,0,0.8,0,0,0,0,0,1,0,0,0,0,0,0,0,0,0,0,1,0,0
"564",450,2405,2,1,1,1,0,0,1,0,0.8,0,0,0,0,0,0,0,1,0,0,0,0,0,0,0,1,0,0,0
"565",995,5970,3,2,1,0,0,0,1,1,0.6,0,0,0,0,0,0,0,0,0,0,0,0,0,1,0,1,0,0,0
"566",700,3742,3,1,1,0,0,0,0,0,0.5,0,0,0,0,0,0,0,1,0,0,0,0,0,0,0,1,0,0,0
"567",280,1217,1,1,1,1,1,0,1,0,0.9,0,0,0,1,0,0,0,0,0,0,0,0,0,0,0,1,0,0,0
"568",440,1912,2,1,1,1,1,0,0,0,0.5,0,0,0,0,0,0,0,0,0,0,0,1,0,0,0,0,1,0,0
"569",440,2200,2,2,1,1,1,0,1,0,0.4,0,0,0,0,0,1,0,0,0,0,0,0,0,0,0,1,0,0,0
"570",795,4770,2,2,2,0,0,0,0,0,1.1,0,0,0,0,0,0,0,0,1,0,0,0,0,0,0,0,0,1,0
"571",450,1955,2,1,1,0,0,0,0,0,0.4,0,0,0,0,0,0,0,1,0,0,0,0,0,0,0,1,0,0,0
"572",500,2172,2,1,1,0,1,0,1,0,0.6,0,0,0,0,0,0,0,0,0,0,0,1,0,0,0,1,0,0,0
"573",470,2350,2,1,1,1,1,0,0,0,0.5,0,1,0,0,0,0,0,0,0,0,0,0,0,0,0,0,1,0,0
"574",490,2130,2,2,1,0,1,0,0,0,0.7,0,0,0,0,0,0,0,0,0,0,0,1,0,0,0,1,0,0,0
"575",410,1782,2,1,1,0,0,0,0,0,0.3,0,0,1,0,0,0,0,0,0,0,0,0,0,0,0,1,0,0,0
"576",350,1521,1,1,1,1,0,0,1,0,0.5,0,0,0,0,0,0,0,1,0,0,0,0,0,0,0,1,0,0,0
"577",360,1924,1,1,1,1,0,0,1,0,0.1,0,0,0,0,0,0,0,1,0,0,0,0,0,0,0,1,0,0,0
"578",320,1390,1,1,1,0,0,0,0,0,0.2,0,1,0,0,0,0,0,0,0,0,0,0,0,0,0,1,0,0,0
"579",560,2433,2,1,1,1,1,0,1,1,0.5,0,1,0,0,0,0,0,0,0,0,0,0,0,0,0,1,0,0,0
"580",480,2566,2,1,1,0,1,0,0,0,0.2,0,0,0,0,0,0,0,1,0,0,0,0,0,0,0,1,0,0,0
"581",650,2825,2,1,2,0,0,0,0,1,0.5,1,0,0,0,0,0,0,0,0,0,0,0,0,0,0,1,0,0,0
"582",400,2138,1,1,1,0,0,0,1,0,0.6,0,0,0,0,0,0,0,1,0,0,0,0,0,0,0,1,0,0,0
"583",400,1738,2,1,1,1,1,0,1,0,0.6,0,0,1,0,0,0,0,0,0,0,0,0,0,0,0,1,0,0,0
"584",830,5410,2,2,0,0,0,0,0,0,0.6,0,0,0,0,0,0,0,1,0,0,0,0,0,0,0,0,1,0,0
"585",390,2085,2,1,1,1,1,0,0,0,0.2,0,0,0,0,0,0,0,1,0,0,0,0,0,0,0,1,0,0,0
"586",320,1390,1,1,1,0,1,0,1,0,1.1,0,1,0,0,0,0,0,0,0,0,0,0,0,0,0,1,0,0,0
"587",270,1173,1,1,0,1,0,0,0,0,0.4,0,0,0,0,0,0,0,1,0,0,0,0,0,0,0,1,0,0,0
"588",360,1564,2,1,1,1,0,0,0,0,0.6,0,0,0,0,0,0,0,0,0,0,0,1,0,0,0,1,0,0,0
"589",275,1195,1,1,0,1,0,0,0,0,0.7,0,0,0,1,0,0,0,0,0,0,0,0,0,0,0,1,0,0,0
"590",380,1651,1,1,1,0,0,0,0,0,1.5,0,0,1,0,0,0,0,0,0,0,0,0,0,0,0,1,0,0,0
"591",340,1477,1,1,1,1,0,0,1,0,0.7,0,0,1,0,0,0,0,0,0,0,0,0,0,0,0,1,0,0,0
"592",420,1825,3,1,1,0,1,0,0,0,0.9,0,0,0,0,0,0,0,0,0,0,0,1,0,0,0,0,0,0,1
"593",355,1543,1,1,1,1,0,0,1,0,0.8,0,0,1,0,0,0,0,0,0,0,0,0,0,0,0,1,0,0,0
"594",450,1955,2,1,1,1,1,0,1,0,0.9,0,0,1,0,0,0,0,0,0,0,0,0,0,0,0,1,0,0,0
"595",585,2925,2,1,1,0,0,0,1,0,1.1,0,1,0,0,0,0,0,0,0,0,0,0,0,0,0,1,0,0,0
"596",440,2200,2,1,1,0,0,0,0,0,0.6,0,1,0,0,0,0,0,0,0,0,0,0,0,0,0,1,0,0,0
"597",400,1739,2,1,1,0,1,0,1,0,0.3,0,0,0,0,0,0,0,0,0,0,0,1,0,0,0,1,0,0,0
"598",590,3154,2,2,1,0,0,0,0,0,0.5,0,0,0,0,0,0,1,0,0,0,0,0,0,0,0,1,0,0,0
"599",310,1347,1,1,1,0,0,0,0,0,0.6,0,0,1,0,0,0,0,0,0,0,0,0,0,0,0,1,0,0,0
"600",420,2100,2,2,1,1,0,0,0,0,0.8,0,0,0,0,0,1,0,0,0,0,0,0,0,0,0,0,1,0,0
"601",450,2405,2,1,1,1,0,0,1,0,0.8,0,0,0,0,0,0,0,1,0,0,0,0,0,0,0,1,0,0,0
"602",995,5970,3,2,1,0,0,0,1,1,0.6,0,0,0,0,0,0,0,0,0,0,0,0,0,1,0,1,0,0,0
"603",700,3742,3,1,1,0,0,0,0,0,0.5,0,0,0,0,0,0,0,1,0,0,0,0,0,0,0,1,0,0,0
"604",280,1217,1,1,1,1,1,0,1,0,0.9,0,0,0,1,0,0,0,0,0,0,0,0,0,0,0,1,0,0,0
"605",440,1912,2,1,1,1,1,0,0,0,0.5,0,0,0,0,0,0,0,0,0,0,0,1,0,0,0,0,1,0,0
"606",440,2200,2,2,1,1,1,0,1,0,0.4,0,0,0,0,0,1,0,0,0,0,0,0,0,0,0,1,0,0,0
"607",795,4770,2,2,2,0,0,0,0,0,1.1,0,0,0,0,0,0,0,0,1,0,0,0,0,0,0,0,0,1,0
"608",450,1955,2,1,1,0,0,0,0,0,0.4,0,0,0,0,0,0,0,1,0,0,0,0,0,0,0,1,0,0,0
"609",500,2172,2,1,1,0,1,0,1,0,0.6,0,0,0,0,0,0,0,0,0,0,0,1,0,0,0,1,0,0,0
"610",470,2350,2,1,1,1,1,0,0,0,0.5,0,1,0,0,0,0,0,0,0,0,0,0,0,0,0,0,1,0,0
"611",490,2130,2,2,1,0,1,0,0,0,0.7,0,0,0,0,0,0,0,0,0,0,0,1,0,0,0,1,0,0,0
"612",410,1782,2,1,1,0,0,0,0,0,0.3,0,0,1,0,0,0,0,0,0,0,0,0,0,0,0,1,0,0,0
"613",350,1521,1,1,1,1,0,0,1,0,0.5,0,0,0,0,0,0,0,1,0,0,0,0,0,0,0,1,0,0,0
"614",360,1924,1,1,1,1,0,0,1,0,0.1,0,0,0,0,0,0,0,1,0,0,0,0,0,0,0,1,0,0,0
"615",320,1390,1,1,1,0,0,0,0,0,0.2,0,1,0,0,0,0,0,0,0,0,0,0,0,0,0,1,0,0,0
"616",560,2433,2,1,1,1,1,0,1,1,0.5,0,1,0,0,0,0,0,0,0,0,0,0,0,0,0,1,0,0,0
"617",480,2566,2,1,1,0,1,0,0,0,0.2,0,0,0,0,0,0,0,1,0,0,0,0,0,0,0,1,0,0,0
"618",650,2825,2,1,2,0,0,0,0,1,0.5,1,0,0,0,0,0,0,0,0,0,0,0,0,0,0,1,0,0,0
"619",400,2138,1,1,1,0,0,0,1,0,0.6,0,0,0,0,0,0,0,1,0,0,0,0,0,0,0,1,0,0,0
"620",400,1738,2,1,1,1,1,0,1,0,0.6,0,0,1,0,0,0,0,0,0,0,0,0,0,0,0,1,0,0,0
"621",830,5410,2,2,0,0,0,0,0,0,0.6,0,0,0,0,0,0,0,1,0,0,0,0,0,0,0,0,1,0,0
"622",390,2085,2,1,1,1,1,0,0,0,0.2,0,0,0,0,0,0,0,1,0,0,0,0,0,0,0,1,0,0,0
"623",320,1390,1,1,1,0,1,0,1,0,1.1,0,1,0,0,0,0,0,0,0,0,0,0,0,0,0,1,0,0,0
"624",270,1173,1,1,0,1,0,0,0,0,0.4,0,0,0,0,0,0,0,1,0,0,0,0,0,0,0,1,0,0,0
"625",360,1564,2,1,1,1,0,0,0,0,0.6,0,0,0,0,0,0,0,0,0,0,0,1,0,0,0,1,0,0,0
"626",275,1195,1,1,0,1,0,0,0,0,0.7,0,0,0,1,0,0,0,0,0,0,0,0,0,0,0,1,0,0,0
"627",380,1651,1,1,1,0,0,0,0,0,1.5,0,0,1,0,0,0,0,0,0,0,0,0,0,0,0,1,0,0,0
"628",340,1477,1,1,1,1,0,0,1,0,0.7,0,0,1,0,0,0,0,0,0,0,0,0,0,0,0,1,0,0,0
"629",420,1825,3,1,1,0,1,0,0,0,0.9,0,0,0,0,0,0,0,0,0,0,0,1,0,0,0,0,0,0,1
"630",355,1543,1,1,1,1,0,0,1,0,0.8,0,0,1,0,0,0,0,0,0,0,0,0,0,0,0,1,0,0,0
"631",450,1955,2,1,1,1,1,0,1,0,0.9,0,0,1,0,0,0,0,0,0,0,0,0,0,0,0,1,0,0,0
"632",585,2925,2,1,1,0,0,0,1,0,1.1,0,1,0,0,0,0,0,0,0,0,0,0,0,0,0,1,0,0,0
"633",440,2200,2,1,1,0,0,0,0,0,0.6,0,1,0,0,0,0,0,0,0,0,0,0,0,0,0,1,0,0,0
"634",400,1739,2,1,1,0,1,0,1,0,0.3,0,0,0,0,0,0,0,0,0,0,0,1,0,0,0,1,0,0,0
"635",590,3154,2,2,1,0,0,0,0,0,0.5,0,0,0,0,0,0,1,0,0,0,0,0,0,0,0,1,0,0,0
"636",310,1347,1,1,1,0,0,0,0,0,0.6,0,0,1,0,0,0,0,0,0,0,0,0,0,0,0,1,0,0,0
"637",420,2100,2,2,1,1,0,0,0,0,0.8,0,0,0,0,0,1,0,0,0,0,0,0,0,0,0,0,1,0,0
"638",450,2405,2,1,1,1,0,0,1,0,0.8,0,0,0,0,0,0,0,1,0,0,0,0,0,0,0,1,0,0,0
"639",995,5970,3,2,1,0,0,0,1,1,0.6,0,0,0,0,0,0,0,0,0,0,0,0,0,1,0,1,0,0,0
"640",700,3742,3,1,1,0,0,0,0,0,0.5,0,0,0,0,0,0,0,1,0,0,0,0,0,0,0,1,0,0,0
"641",280,1217,1,1,1,1,1,0,1,0,0.9,0,0,0,1,0,0,0,0,0,0,0,0,0,0,0,1,0,0,0
"642",440,1912,2,1,1,1,1,0,0,0,0.5,0,0,0,0,0,0,0,0,0,0,0,1,0,0,0,0,1,0,0
"643",440,2200,2,2,1,1,1,0,1,0,0.4,0,0,0,0,0,1,0,0,0,0,0,0,0,0,0,1,0,0,0
"644",795,4770,2,2,2,0,0,0,0,0,1.1,0,0,0,0,0,0,0,0,1,0,0,0,0,0,0,0,0,1,0
"645",450,1955,2,1,1,0,0,0,0,0,0.4,0,0,0,0,0,0,0,1,0,0,0,0,0,0,0,1,0,0,0
"646",500,2172,2,1,1,0,1,0,1,0,0.6,0,0,0,0,0,0,0,0,0,0,0,1,0,0,0,1,0,0,0
"647",470,2350,2,1,1,1,1,0,0,0,0.5,0,1,0,0,0,0,0,0,0,0,0,0,0,0,0,0,1,0,0
"648",490,2130,2,2,1,0,1,0,0,0,0.7,0,0,0,0,0,0,0,0,0,0,0,1,0,0,0,1,0,0,0
"649",410,1782,2,1,1,0,0,0,0,0,0.3,0,0,1,0,0,0,0,0,0,0,0,0,0,0,0,1,0,0,0
"650",350,1521,1,1,1,1,0,0,1,0,0.5,0,0,0,0,0,0,0,1,0,0,0,0,0,0,0,1,0,0,0
"651",360,1924,1,1,1,1,0,0,1,0,0.1,0,0,0,0,0,0,0,1,0,0,0,0,0,0,0,1,0,0,0
"652",320,1390,1,1,1,0,0,0,0,0,0.2,0,1,0,0,0,0,0,0,0,0,0,0,0,0,0,1,0,0,0
"653",560,2433,2,1,1,1,1,0,1,1,0.5,0,1,0,0,0,0,0,0,0,0,0,0,0,0,0,1,0,0,0
"654",480,2566,2,1,1,0,1,0,0,0,0.2,0,0,0,0,0,0,0,1,0,0,0,0,0,0,0,1,0,0,0
"655",650,2825,2,1,2,0,0,0,0,1,0.5,1,0,0,0,0,0,0,0,0,0,0,0,0,0,0,1,0,0,0
"656",400,2138,1,1,1,0,0,0,1,0,0.6,0,0,0,0,0,0,0,1,0,0,0,0,0,0,0,1,0,0,0
"657",400,1738,2,1,1,1,1,0,1,0,0.6,0,0,1,0,0,0,0,0,0,0,0,0,0,0,0,1,0,0,0
"658",830,5410,2,2,0,0,0,0,0,0,0.6,0,0,0,0,0,0,0,1,0,0,0,0,0,0,0,0,1,0,0
"659",390,2085,2,1,1,1,1,0,0,0,0.2,0,0,0,0,0,0,0,1,0,0,0,0,0,0,0,1,0,0,0
"660",320,1390,1,1,1,0,1,0,1,0,1.1,0,1,0,0,0,0,0,0,0,0,0,0,0,0,0,1,0,0,0
"661",270,1173,1,1,0,1,0,0,0,0,0.4,0,0,0,0,0,0,0,1,0,0,0,0,0,0,0,1,0,0,0
"662",360,1564,2,1,1,1,0,0,0,0,0.6,0,0,0,0,0,0,0,0,0,0,0,1,0,0,0,1,0,0,0
"663",275,1195,1,1,0,1,0,0,0,0,0.7,0,0,0,1,0,0,0,0,0,0,0,0,0,0,0,1,0,0,0
"664",380,1651,1,1,1,0,0,0,0,0,1.5,0,0,1,0,0,0,0,0,0,0,0,0,0,0,0,1,0,0,0
"665",340,1477,1,1,1,1,0,0,1,0,0.7,0,0,1,0,0,0,0,0,0,0,0,0,0,0,0,1,0,0,0
"666",420,1825,3,1,1,0,1,0,0,0,0.9,0,0,0,0,0,0,0,0,0,0,0,1,0,0,0,0,0,0,1
"667",355,1543,1,1,1,1,0,0,1,0,0.8,0,0,1,0,0,0,0,0,0,0,0,0,0,0,0,1,0,0,0
"668",450,1955,2,1,1,1,1,0,1,0,0.9,0,0,1,0,0,0,0,0,0,0,0,0,0,0,0,1,0,0,0
"669",585,2925,2,1,1,0,0,0,1,0,1.1,0,1,0,0,0,0,0,0,0,0,0,0,0,0,0,1,0,0,0
"670",440,2200,2,1,1,0,0,0,0,0,0.6,0,1,0,0,0,0,0,0,0,0,0,0,0,0,0,1,0,0,0
"671",400,1739,2,1,1,0,1,0,1,0,0.3,0,0,0,0,0,0,0,0,0,0,0,1,0,0,0,1,0,0,0
"672",590,3154,2,2,1,0,0,0,0,0,0.5,0,0,0,0,0,0,1,0,0,0,0,0,0,0,0,1,0,0,0
"673",310,1347,1,1,1,0,0,0,0,0,0.6,0,0,1,0,0,0,0,0,0,0,0,0,0,0,0,1,0,0,0
"674",420,2100,2,2,1,1,0,0,0,0,0.8,0,0,0,0,0,1,0,0,0,0,0,0,0,0,0,0,1,0,0
"675",450,2405,2,1,1,1,0,0,1,0,0.8,0,0,0,0,0,0,0,1,0,0,0,0,0,0,0,1,0,0,0
"676",995,5970,3,2,1,0,0,0,1,1,0.6,0,0,0,0,0,0,0,0,0,0,0,0,0,1,0,1,0,0,0
"677",700,3742,3,1,1,0,0,0,0,0,0.5,0,0,0,0,0,0,0,1,0,0,0,0,0,0,0,1,0,0,0
"678",280,1217,1,1,1,1,1,0,1,0,0.9,0,0,0,1,0,0,0,0,0,0,0,0,0,0,0,1,0,0,0
"679",440,1912,2,1,1,1,1,0,0,0,0.5,0,0,0,0,0,0,0,0,0,0,0,1,0,0,0,0,1,0,0
"680",440,2200,2,2,1,1,1,0,1,0,0.4,0,0,0,0,0,1,0,0,0,0,0,0,0,0,0,1,0,0,0
"681",795,4770,2,2,2,0,0,0,0,0,1.1,0,0,0,0,0,0,0,0,1,0,0,0,0,0,0,0,0,1,0
"682",450,1955,2,1,1,0,0,0,0,0,0.4,0,0,0,0,0,0,0,1,0,0,0,0,0,0,0,1,0,0,0
"683",500,2172,2,1,1,0,1,0,1,0,0.6,0,0,0,0,0,0,0,0,0,0,0,1,0,0,0,1,0,0,0
"684",470,2350,2,1,1,1,1,0,0,0,0.5,0,1,0,0,0,0,0,0,0,0,0,0,0,0,0,0,1,0,0
"685",490,2130,2,2,1,0,1,0,0,0,0.7,0,0,0,0,0,0,0,0,0,0,0,1,0,0,0,1,0,0,0
"686",410,1782,2,1,1,0,0,0,0,0,0.3,0,0,1,0,0,0,0,0,0,0,0,0,0,0,0,1,0,0,0
"687",350,1521,1,1,1,1,0,0,1,0,0.5,0,0,0,0,0,0,0,1,0,0,0,0,0,0,0,1,0,0,0
"688",360,1924,1,1,1,1,0,0,1,0,0.1,0,0,0,0,0,0,0,1,0,0,0,0,0,0,0,1,0,0,0
"689",320,1390,1,1,1,0,0,0,0,0,0.2,0,1,0,0,0,0,0,0,0,0,0,0,0,0,0,1,0,0,0
"690",560,2433,2,1,1,1,1,0,1,1,0.5,0,1,0,0,0,0,0,0,0,0,0,0,0,0,0,1,0,0,0
"691",480,2566,2,1,1,0,1,0,0,0,0.2,0,0,0,0,0,0,0,1,0,0,0,0,0,0,0,1,0,0,0
"692",650,2825,2,1,2,0,0,0,0,1,0.5,1,0,0,0,0,0,0,0,0,0,0,0,0,0,0,1,0,0,0
"693",400,2138,1,1,1,0,0,0,1,0,0.6,0,0,0,0,0,0,0,1,0,0,0,0,0,0,0,1,0,0,0
"694",400,1738,2,1,1,1,1,0,1,0,0.6,0,0,1,0,0,0,0,0,0,0,0,0,0,0,0,1,0,0,0
"695",830,5410,2,2,0,0,0,0,0,0,0.6,0,0,0,0,0,0,0,1,0,0,0,0,0,0,0,0,1,0,0
"696",390,2085,2,1,1,1,1,0,0,0,0.2,0,0,0,0,0,0,0,1,0,0,0,0,0,0,0,1,0,0,0
"697",320,1390,1,1,1,0,1,0,1,0,1.1,0,1,0,0,0,0,0,0,0,0,0,0,0,0,0,1,0,0,0
"698",270,1173,1,1,0,1,0,0,0,0,0.4,0,0,0,0,0,0,0,1,0,0,0,0,0,0,0,1,0,0,0
"699",360,1564,2,1,1,1,0,0,0,0,0.6,0,0,0,0,0,0,0,0,0,0,0,1,0,0,0,1,0,0,0
"700",275,1195,1,1,0,1,0,0,0,0,0.7,0,0,0,1,0,0,0,0,0,0,0,0,0,0,0,1,0,0,0
"701",380,1651,1,1,1,0,0,0,0,0,1.5,0,0,1,0,0,0,0,0,0,0,0,0,0,0,0,1,0,0,0
"702",340,1477,1,1,1,1,0,0,1,0,0.7,0,0,1,0,0,0,0,0,0,0,0,0,0,0,0,1,0,0,0
"703",420,1825,3,1,1,0,1,0,0,0,0.9,0,0,0,0,0,0,0,0,0,0,0,1,0,0,0,0,0,0,1
"704",355,1543,1,1,1,1,0,0,1,0,0.8,0,0,1,0,0,0,0,0,0,0,0,0,0,0,0,1,0,0,0
"705",450,1955,2,1,1,1,1,0,1,0,0.9,0,0,1,0,0,0,0,0,0,0,0,0,0,0,0,1,0,0,0
"706",585,2925,2,1,1,0,0,0,1,0,1.1,0,1,0,0,0,0,0,0,0,0,0,0,0,0,0,1,0,0,0
"707",440,2200,2,1,1,0,0,0,0,0,0.6,0,1,0,0,0,0,0,0,0,0,0,0,0,0,0,1,0,0,0
"708",400,1739,2,1,1,0,1,0,1,0,0.3,0,0,0,0,0,0,0,0,0,0,0,1,0,0,0,1,0,0,0
"709",590,3154,2,2,1,0,0,0,0,0,0.5,0,0,0,0,0,0,1,0,0,0,0,0,0,0,0,1,0,0,0
"710",310,1347,1,1,1,0,0,0,0,0,0.6,0,0,1,0,0,0,0,0,0,0,0,0,0,0,0,1,0,0,0
"711",420,2100,2,2,1,1,0,0,0,0,0.8,0,0,0,0,0,1,0,0,0,0,0,0,0,0,0,0,1,0,0
"712",450,2405,2,1,1,1,0,0,1,0,0.8,0,0,0,0,0,0,0,1,0,0,0,0,0,0,0,1,0,0,0
"713",995,5970,3,2,1,0,0,0,1,1,0.6,0,0,0,0,0,0,0,0,0,0,0,0,0,1,0,1,0,0,0
"714",700,3742,3,1,1,0,0,0,0,0,0.5,0,0,0,0,0,0,0,1,0,0,0,0,0,0,0,1,0,0,0
"715",280,1217,1,1,1,1,1,0,1,0,0.9,0,0,0,1,0,0,0,0,0,0,0,0,0,0,0,1,0,0,0
"716",440,1912,2,1,1,1,1,0,0,0,0.5,0,0,0,0,0,0,0,0,0,0,0,1,0,0,0,0,1,0,0
"717",440,2200,2,2,1,1,1,0,1,0,0.4,0,0,0,0,0,1,0,0,0,0,0,0,0,0,0,1,0,0,0
"718",795,4770,2,2,2,0,0,0,0,0,1.1,0,0,0,0,0,0,0,0,1,0,0,0,0,0,0,0,0,1,0
"719",450,1955,2,1,1,0,0,0,0,0,0.4,0,0,0,0,0,0,0,1,0,0,0,0,0,0,0,1,0,0,0
"720",500,2172,2,1,1,0,1,0,1,0,0.6,0,0,0,0,0,0,0,0,0,0,0,1,0,0,0,1,0,0,0
"721",470,2350,2,1,1,1,1,0,0,0,0.5,0,1,0,0,0,0,0,0,0,0,0,0,0,0,0,0,1,0,0
"722",490,2130,2,2,1,0,1,0,0,0,0.7,0,0,0,0,0,0,0,0,0,0,0,1,0,0,0,1,0,0,0
"723",410,1782,2,1,1,0,0,0,0,0,0.3,0,0,1,0,0,0,0,0,0,0,0,0,0,0,0,1,0,0,0
"724",350,1521,1,1,1,1,0,0,1,0,0.5,0,0,0,0,0,0,0,1,0,0,0,0,0,0,0,1,0,0,0
"725",360,1924,1,1,1,1,0,0,1,0,0.1,0,0,0,0,0,0,0,1,0,0,0,0,0,0,0,1,0,0,0
